Season_ID,Team,Year,TR,Age,W,L,SRS,ORtg,rORtg,DRtg,rDRtg,NRtg,Pace,rPace,FTr,rFTr,TS,rTS,PostW,PostL,Playoffs,Championship
1.0,Oklahoma City Thunder,2025.0,15.6,24.8,68.0,14.0,12.7,120.3,5.8,107.5,-7.0,12.8,100.0,1.2,0.22,-0.023,0.593,0.017,16.0,7.0,1,1
2.0,Cleveland Cavaliers,2025.0,11.2,26.6,64.0,18.0,8.8,121.7,7.2,112.2,-2.3,9.5,99.8,1.0,0.241,-0.002,0.607,0.031,5.0,4.0,1,0
3.0,Boston Celtics,2025.0,10.2,28.9,61.0,21.0,8.3,120.6,6.1,111.1,-3.4,9.5,95.7,-3.1,0.212,-0.031,0.591,0.015,6.0,5.0,1,0
4.0,Minnesota Timberwolves,2025.0,9.3,27.2,49.0,33.0,5.2,116.6,2.1,111.5,-3.0,5.1,97.3,-1.5,0.249,0.006,0.588,0.012,9.0,6.0,1,0
5.0,Indiana Pacers,2025.0,8.5,25.8,50.0,32.0,1.7,116.5,2.0,114.3,-0.2,2.2,99.9,1.1,0.241,-0.002,0.594,0.018,15.0,8.0,1,0
6.0,New York Knicks,2025.0,5.7,27.5,51.0,31.0,3.6,118.5,4.0,114.3,-0.2,4.2,96.7,-2.1,0.232,-0.011,0.589,0.013,10.0,8.0,1,0
7.0,Denver Nuggets,2025.0,5.4,27.0,50.0,32.0,4.0,119.9,5.4,116.0,1.5,3.9,99.8,1.0,0.259,0.016,0.604,0.028,7.0,7.0,1,0
8.0,Los Angeles Clippers,2025.0,5.2,29.7,50.0,32.0,4.8,115.1,0.6,110.3,-4.2,4.8,97.5,-1.3,0.251,0.008,0.589,0.013,3.0,4.0,1,0
9.0,Houston Rockets,2025.0,5.1,24.9,52.0,30.0,5.0,115.3,0.8,110.8,-3.7,4.5,98.6,-0.2,0.242,-0.001,0.553,-0.023,3.0,4.0,1,0
10.0,Golden State Warriors,2025.0,4.3,28.6,48.0,34.0,3.6,115.0,0.5,111.7,-2.8,3.3,98.7,-0.1,0.244,0.001,0.568,-0.008,5.0,7.0,1,0
11.0,Memphis Grizzlies,2025.0,1.8,24.7,48.0,34.0,4.8,117.7,3.2,113.0,-1.5,4.7,103.3,4.5,0.249,0.006,0.588,0.012,0.0,4.0,1,0
12.0,Detroit Pistons,2025.0,1.8,25.8,44.0,38.0,1.7,115.0,0.5,113.1,-1.4,1.9,99.8,1.0,0.248,0.005,0.58,0.004,2.0,4.0,1,0
13.0,Sacramento Kings,2025.0,0.6,27.8,40.0,42.0,0.6,116.7,2.2,116.2,1.7,0.5,98.2,-0.6,0.235,-0.008,0.582,0.006,0.0,0.0,0,0
14.0,Los Angeles Lakers,2025.0,0.3,27.9,50.0,32.0,1.5,115.9,1.4,114.7,0.2,1.2,97.6,-1.2,0.271,0.028,0.593,0.017,1.0,4.0,1,0
15.0,Milwaukee Bucks,2025.0,-0.1,29.3,48.0,34.0,2.1,115.9,1.4,113.4,-1.1,2.5,99.3,0.5,0.268,0.025,0.598,0.022,1.0,4.0,1,0
16.0,Dallas Mavericks,2025.0,-0.8,27.5,39.0,43.0,-0.7,114.8,0.3,116.0,1.5,-1.2,99.2,0.4,0.263,0.02,0.583,0.007,0.0,0.0,0,0
17.0,Atlanta Hawks,2025.0,-1.4,24.9,40.0,42.0,-1.4,114.6,0.1,115.7,1.2,-1.1,102.6,3.8,0.252,0.009,0.579,0.003,0.0,0.0,0,0
18.0,Chicago Bulls,2025.0,-1.9,25.2,39.0,43.0,-1.8,114.1,-0.4,115.6,1.1,-1.5,102.8,4.0,0.214,-0.029,0.585,0.009,0.0,0.0,0,0
19.0,Orlando Magic,2025.0,-2.5,24.9,41.0,41.0,-0.7,109.4,-5.1,109.6,-4.9,-0.2,96.1,-2.7,0.269,0.026,0.55,-0.026,1.0,4.0,1,0
20.0,San Antonio Spurs,2025.0,-2.7,26.0,34.0,48.0,-2.5,114.4,-0.1,117.2,2.7,-2.8,99.3,0.5,0.234,-0.009,0.575,-0.001,0.0,0.0,0,0
21.0,Phoenix Suns,2025.0,-2.7,29.1,36.0,46.0,-2.6,116.2,1.7,119.3,4.8,-3.1,97.1,-1.7,0.241,-0.002,0.595,0.019,0.0,0.0,0,0
22.0,Portland Trail Blazers,2025.0,-2.9,23.8,36.0,46.0,-2.7,111.7,-2.8,114.7,0.2,-3.0,98.8,0.0,0.246,0.003,0.555,-0.021,0.0,0.0,0,0
23.0,Toronto Raptors,2025.0,-4.8,24.5,30.0,52.0,-4.4,110.5,-4.0,114.8,0.3,-4.3,99.7,0.9,0.232,-0.011,0.553,-0.023,0.0,0.0,0,0
24.0,Miami Heat,2025.0,-6.0,26.8,37.0,45.0,0.1,113.5,-1.0,112.9,-1.6,0.6,96.2,-2.6,0.232,-0.011,0.576,0.0,0.0,4.0,1,0
25.0,Philadelphia 76ers,2025.0,-7.0,27.1,24.0,58.0,-6.3,111.9,-2.6,118.2,3.7,-6.3,97.4,-1.4,0.257,0.014,0.563,-0.013,0.0,0.0,0,0
28.0,Utah Jazz,2025.0,-9.5,23.9,17.0,65.0,-8.5,111.2,-3.3,120.4,5.9,-9.2,100.0,1.2,0.252,0.009,0.568,-0.008,0.0,0.0,0,0
30.0,Washington Wizards,2025.0,-13.1,23.5,18.0,64.0,-12.1,106.8,-7.7,119.1,4.6,-12.3,100.9,2.1,0.229,-0.014,0.546,-0.03,0.0,0.0,0,0
31.0,Boston Celtics,2024.0,14.3,28.2,64.0,18.0,10.8,123.2,8.6,111.6,-3.0,11.6,97.2,-1.9,0.224,-0.044,0.609,0.028,16.0,3.0,1,1
32.0,Minnesota Timberwolves,2024.0,9.7,27.2,56.0,26.0,6.4,115.6,1.0,109.0,-5.6,6.6,97.1,-2.0,0.27,0.002,0.594,0.013,9.0,7.0,1,0
33.0,Oklahoma City Thunder,2024.0,9.1,23.4,57.0,25.0,7.4,119.5,4.9,112.1,-2.5,7.4,99.8,0.7,0.24,-0.028,0.608,0.027,6.0,4.0,1,0
34.0,Dallas Mavericks,2024.0,8.8,26.5,50.0,32.0,2.3,117.6,3.0,115.4,0.8,2.2,100.1,1.0,0.251,-0.017,0.592,0.011,13.0,9.0,1,0
35.0,Indiana Pacers,2024.0,6.4,25.3,47.0,35.0,2.8,121.0,6.4,118.0,3.4,3.0,101.7,2.6,0.222,-0.046,0.606,0.025,8.0,9.0,1,0
36.0,Denver Nuggets,2024.0,6.2,27.1,57.0,25.0,5.2,118.5,3.9,113.0,-1.6,5.5,96.8,-2.3,0.224,-0.044,0.589,0.008,7.0,5.0,1,0
37.0,New York Knicks,2024.0,3.7,26.4,50.0,32.0,4.4,118.2,3.6,113.4,-1.2,4.8,95.2,-3.9,0.246,-0.022,0.574,-0.007,7.0,6.0,1,0
38.0,Orlando Magic,2024.0,3.1,24.0,47.0,35.0,1.5,113.4,-1.2,111.3,-3.3,2.1,96.9,-2.2,0.287,0.019,0.577,-0.004,3.0,4.0,1,0
39.0,Philadelphia 76ers,2024.0,3.0,28.4,47.0,35.0,2.5,116.9,2.3,113.8,-0.8,3.1,97.5,-1.6,0.264,-0.004,0.574,-0.007,2.0,4.0,1,0
40.0,Golden State Warriors,2024.0,3.0,28.4,46.0,36.0,2.8,117.8,3.2,115.2,0.6,2.6,99.2,0.1,0.219,-0.049,0.586,0.005,0.0,0.0,0,0
41.0,Sacramento Kings,2024.0,2.5,26.4,46.0,36.0,2.3,116.9,2.3,115.2,0.6,1.7,98.8,-0.3,0.229,-0.039,0.582,0.001,0.0,0.0,0,0
42.0,Cleveland Cavaliers,2024.0,2.4,26.2,48.0,34.0,2.0,115.2,0.6,112.7,-1.9,2.5,97.2,-1.9,0.234,-0.034,0.586,0.005,5.0,7.0,1,0
43.0,Milwaukee Bucks,2024.0,1.9,30.2,49.0,33.0,2.4,118.4,3.8,115.8,1.2,2.6,99.9,0.8,0.27,0.002,0.601,0.02,2.0,4.0,1,0
44.0,Los Angeles Clippers,2024.0,1.5,30.4,51.0,31.0,3.4,118.8,4.2,115.4,0.8,3.4,97.2,-1.9,0.256,-0.012,0.599,0.018,2.0,4.0,1,0
45.0,Houston Rockets,2024.0,1.3,25.1,41.0,41.0,1.2,114.5,-0.1,113.4,-1.2,1.1,99.0,-0.1,0.257,-0.011,0.565,-0.016,0.0,0.0,0,0
46.0,Los Angeles Lakers,2024.0,1.3,28.0,47.0,35.0,1.1,115.9,1.3,115.3,0.7,0.6,100.9,1.8,0.276,0.008,0.601,0.02,1.0,4.0,1,0
48.0,Phoenix Suns,2024.0,-0.2,29.3,49.0,33.0,3.1,117.6,3.0,114.6,0.0,3.0,98.3,-0.8,0.271,0.003,0.603,0.022,0.0,4.0,1,0
49.0,Miami Heat,2024.0,-1.1,28.0,46.0,36.0,1.1,114.0,-0.6,112.2,-2.4,1.8,96.2,-2.9,0.257,-0.011,0.578,-0.003,1.0,4.0,1,0
50.0,Chicago Bulls,2024.0,-1.8,28.1,39.0,43.0,-1.8,114.9,0.3,116.3,1.7,-1.4,96.3,-2.8,0.236,-0.032,0.568,-0.013,0.0,0.0,0,0
51.0,Atlanta Hawks,2024.0,-2.6,26.2,36.0,46.0,-2.4,117.2,2.6,119.4,4.8,-2.2,100.1,1.0,0.251,-0.017,0.576,-0.005,0.0,0.0,0,0
53.0,Utah Jazz,2024.0,-4.6,25.1,31.0,51.0,-4.2,115.5,0.9,120.4,5.8,-4.9,99.5,0.4,0.251,-0.017,0.579,-0.002,0.0,0.0,0,0
54.0,San Antonio Spurs,2024.0,-6.6,23.0,22.0,60.0,-5.8,110.0,-4.6,116.4,1.8,-6.4,101.1,2.0,0.22,-0.048,0.563,-0.018,0.0,0.0,0,0
55.0,Toronto Raptors,2024.0,-7.1,25.9,25.0,57.0,-6.5,112.3,-2.3,118.8,4.2,-6.5,99.4,0.3,0.241,-0.027,0.566,-0.015,0.0,0.0,0,0
56.0,Memphis Grizzlies,2024.0,-7.1,24.4,27.0,55.0,-6.6,107.2,-7.4,114.3,-0.3,-7.1,98.2,-0.9,0.238,-0.03,0.543,-0.038,0.0,0.0,0,0
57.0,Portland Trail Blazers,2024.0,-9.1,24.1,21.0,61.0,-8.3,108.3,-6.3,117.5,2.9,-9.2,97.2,-1.9,0.228,-0.04,0.539,-0.042,0.0,0.0,0,0
58.0,Detroit Pistons,2024.0,-10.2,23.8,14.0,68.0,-9.1,109.7,-4.9,118.8,4.2,-9.1,99.8,0.7,0.246,-0.022,0.562,-0.019,0.0,0.0,0,0
59.0,Washington Wizards,2024.0,-10.4,24.9,15.0,67.0,-9.3,110.5,-4.1,119.6,5.0,-9.1,102.7,3.6,0.221,-0.047,0.567,-0.014,0.0,0.0,0,0
61.0,Denver Nuggets,2023.0,9.9,26.6,53.0,29.0,3.0,117.6,2.8,114.2,-0.6,3.4,98.1,-1.0,0.259,-0.007,0.601,0.02,16.0,4.0,1,0
62.0,Boston Celtics,2023.0,7.7,27.4,57.0,25.0,6.4,118.0,3.2,111.5,-3.3,6.5,98.5,-0.6,0.243,-0.023,0.6,0.019,11.0,9.0,1,0
63.0,Philadelphia 76ers,2023.0,6.0,28.2,54.0,28.0,4.4,117.7,2.9,113.3,-1.5,4.4,96.9,-2.2,0.3,0.034,0.608,0.027,7.0,4.0,1,0
64.0,Miami Heat,2023.0,5.2,27.7,44.0,38.0,-0.1,113.0,-1.8,113.3,-1.5,-0.3,96.3,-2.8,0.27,0.004,0.574,-0.007,13.0,10.0,1,0
65.0,Los Angeles Lakers,2023.0,4.8,27.9,43.0,39.0,0.4,114.5,-0.3,113.9,-0.9,0.6,101.3,2.2,0.299,0.033,0.582,0.001,8.0,8.0,1,0
66.0,New York Knicks,2023.0,4.5,24.5,47.0,35.0,3.0,117.8,3.0,114.8,0.0,3.0,97.1,-2.0,0.285,0.019,0.577,-0.004,6.0,5.0,1,0
67.0,Cleveland Cavaliers,2023.0,3.1,25.4,51.0,31.0,5.2,116.1,1.3,110.6,-4.2,5.5,95.7,-3.4,0.264,-0.002,0.59,0.009,1.0,4.0,1,0
68.0,Phoenix Suns,2023.0,2.7,28.1,45.0,37.0,2.1,115.1,0.3,113.0,-1.8,2.1,98.2,-0.9,0.241,-0.025,0.57,-0.011,6.0,5.0,1,0
69.0,Golden State Warriors,2023.0,2.7,27.3,44.0,38.0,1.7,116.1,1.3,114.4,-0.4,1.7,101.6,2.5,0.224,-0.042,0.6,0.019,6.0,7.0,1,0
70.0,Sacramento Kings,2023.0,2.0,25.4,48.0,34.0,2.3,119.4,4.6,116.8,2.0,2.6,100.3,1.2,0.284,0.018,0.608,0.027,3.0,4.0,1,0
72.0,Milwaukee Bucks,2023.0,1.6,29.8,58.0,24.0,3.6,115.4,0.6,111.9,-2.9,3.5,100.5,1.4,0.248,-0.018,0.583,0.002,1.0,4.0,1,0
73.0,Toronto Raptors,2023.0,1.6,25.8,41.0,41.0,1.6,115.5,0.7,114.0,-0.8,1.5,97.1,-2.0,0.257,-0.009,0.555,-0.026,0.0,0.0,0,0
74.0,Chicago Bulls,2023.0,1.4,27.5,40.0,42.0,1.4,113.5,-1.3,112.2,-2.6,1.3,98.5,-0.6,0.251,-0.015,0.587,0.006,0.0,0.0,0,0
75.0,Memphis Grizzlies,2023.0,1.2,24.4,51.0,31.0,3.6,115.1,0.3,111.2,-3.6,3.9,101.1,2.0,0.259,-0.007,0.57,-0.011,2.0,4.0,1,0
76.0,Oklahoma City Thunder,2023.0,0.9,22.8,40.0,42.0,1.0,115.2,0.4,114.2,-0.6,1.0,101.1,2.0,0.256,-0.01,0.57,-0.011,0.0,0.0,0,0
77.0,Atlanta Hawks,2023.0,0.3,24.9,41.0,41.0,0.3,116.6,1.8,116.3,1.5,0.3,100.7,1.6,0.244,-0.022,0.579,-0.002,2.0,4.0,1,0
78.0,Dallas Mavericks,2023.0,-0.2,27.8,38.0,44.0,-0.1,116.8,2.0,116.7,1.9,0.1,96.6,-2.5,0.298,0.032,0.599,0.018,0.0,0.0,0,0
79.0,Utah Jazz,2023.0,-1.2,26.5,37.0,45.0,-1.0,115.8,1.0,116.7,1.9,-0.9,100.5,1.4,0.265,-0.001,0.584,0.003,0.0,0.0,0,0
80.0,Los Angeles Clippers,2023.0,-1.3,29.7,44.0,38.0,0.3,115.0,0.2,114.5,-0.3,0.5,98.0,-1.1,0.278,0.012,0.588,0.007,1.0,4.0,1,0
81.0,Washington Wizards,2023.0,-1.3,26.2,35.0,47.0,-1.1,114.4,-0.4,115.6,0.8,-1.2,98.6,-0.5,0.258,-0.008,0.585,0.004,0.0,0.0,0,0
83.0,Minnesota Timberwolves,2023.0,-2.2,25.8,42.0,40.0,-0.2,113.7,-1.1,113.8,-1.0,-0.1,101.0,1.9,0.271,0.005,0.592,0.011,1.0,4.0,1,0
84.0,Orlando Magic,2023.0,-2.7,23.1,34.0,48.0,-2.4,111.6,-3.2,114.2,-0.6,-2.6,99.3,0.2,0.29,0.024,0.573,-0.008,0.0,0.0,0,0
85.0,Indiana Pacers,2023.0,-3.1,24.5,35.0,47.0,-2.9,114.6,-0.2,117.7,2.9,-3.1,101.1,2.0,0.265,-0.001,0.581,0.0,0.0,0.0,0,0
86.0,Portland Trail Blazers,2023.0,-4.3,25.1,33.0,49.0,-4.0,114.8,0.0,118.8,4.0,-4.0,98.6,-0.5,0.289,0.023,0.589,0.008,0.0,0.0,0,0
88.0,Houston Rockets,2023.0,-8.4,22.1,22.0,60.0,-7.6,111.4,-3.4,119.3,4.5,-7.9,99.0,-0.1,0.285,0.019,0.554,-0.027,0.0,0.0,0,0
89.0,Detroit Pistons,2023.0,-8.7,24.1,17.0,65.0,-7.7,110.7,-4.1,118.9,4.1,-8.2,99.0,-0.1,0.295,0.029,0.561,-0.02,0.0,0.0,0,0
90.0,San Antonio Spurs,2023.0,-10.6,23.9,22.0,60.0,-9.8,110.2,-4.6,120.0,5.2,-9.8,101.6,2.5,0.229,-0.037,0.554,-0.027,0.0,0.0,0,0
91.0,Golden State Warriors,2022.0,11.0,27.6,53.0,29.0,5.5,112.5,0.5,106.9,-5.1,5.6,98.4,0.2,0.235,-0.013,0.582,0.016,16.0,6.0,1,1
92.0,Boston Celtics,2022.0,9.4,26.1,51.0,31.0,7.0,114.4,2.4,106.9,-5.1,7.5,96.6,-1.6,0.239,-0.009,0.578,0.012,14.0,10.0,1,0
93.0,Miami Heat,2022.0,8.7,28.2,53.0,29.0,4.2,113.7,1.7,109.1,-2.9,4.6,95.9,-2.3,0.252,0.004,0.584,0.018,11.0,7.0,1,0
94.0,Memphis Grizzlies,2022.0,7.6,24.0,56.0,26.0,5.4,114.6,2.6,109.0,-3.0,5.6,100.3,2.1,0.245,-0.003,0.553,-0.013,6.0,6.0,1,0
95.0,Dallas Mavericks,2022.0,7.2,26.7,52.0,30.0,3.1,112.8,0.8,109.4,-2.6,3.4,95.4,-2.8,0.249,0.001,0.572,0.006,9.0,9.0,1,0
96.0,Milwaukee Bucks,2022.0,5.9,28.5,51.0,31.0,3.2,115.1,3.1,111.8,-0.2,3.3,99.9,1.7,0.257,0.009,0.58,0.014,7.0,5.0,1,0
97.0,Phoenix Suns,2022.0,5.1,27.5,64.0,18.0,6.9,114.8,2.8,107.3,-4.7,7.5,99.8,1.6,0.221,-0.027,0.581,0.015,7.0,6.0,1,0
98.0,Philadelphia 76ers,2022.0,4.6,26.8,51.0,31.0,2.6,113.5,1.5,110.8,-1.2,2.7,96.2,-2.0,0.282,0.034,0.578,0.012,6.0,6.0,1,0
99.0,Utah Jazz,2022.0,3.6,29.3,49.0,33.0,5.7,116.7,4.7,110.5,-1.5,6.2,97.1,-1.1,0.271,0.023,0.589,0.023,2.0,4.0,1,0
100.0,Cleveland Cavaliers,2022.0,2.2,24.7,44.0,38.0,2.0,111.9,-0.1,109.7,-2.3,2.2,96.1,-2.1,0.261,0.013,0.571,0.005,0.0,0.0,0,0
101.0,Minnesota Timberwolves,2022.0,1.9,24.2,46.0,36.0,2.5,114.3,2.3,111.7,-0.3,2.6,100.9,2.7,0.254,0.006,0.573,0.007,2.0,4.0,1,0
102.0,Denver Nuggets,2022.0,0.7,27.7,48.0,34.0,2.2,114.5,2.5,112.1,0.1,2.4,97.8,-0.4,0.244,-0.004,0.59,0.024,1.0,4.0,1,0
105.0,Toronto Raptors,2022.0,0.3,24.8,48.0,34.0,2.4,112.9,0.9,110.5,-1.5,2.4,96.0,-2.2,0.234,-0.014,0.543,-0.023,2.0,4.0,1,0
107.0,Los Angeles Clippers,2022.0,0.2,27.5,42.0,40.0,0.1,110.1,-1.9,110.1,-1.9,0.0,98.0,-0.2,0.224,-0.024,0.564,-0.002,0.0,0.0,0,0
108.0,New York Knicks,2022.0,-0.2,26.0,37.0,45.0,0.0,110.4,-1.6,110.5,-1.5,-0.1,95.9,-2.3,0.28,0.032,0.55,-0.016,0.0,0.0,0,0
109.0,San Antonio Spurs,2022.0,-0.2,24.5,34.0,48.0,0.0,112.4,0.4,112.3,0.3,0.1,100.0,1.8,0.22,-0.028,0.556,-0.01,0.0,0.0,0,0
110.0,Atlanta Hawks,2022.0,-1.4,26.1,43.0,39.0,1.6,116.5,4.5,114.9,2.9,1.6,97.7,-0.5,0.253,0.005,0.581,0.015,1.0,4.0,1,0
111.0,Chicago Bulls,2022.0,-3.4,26.3,46.0,36.0,-0.4,113.2,1.2,113.6,1.6,-0.4,98.3,0.1,0.248,0.0,0.579,0.013,1.0,4.0,1,0
112.0,Los Angeles Lakers,2022.0,-3.4,30.2,33.0,49.0,-3.1,110.3,-1.7,113.3,1.3,-3.0,100.1,1.9,0.259,0.011,0.567,0.001,0.0,0.0,0,0
113.0,Washington Wizards,2022.0,-3.5,25.9,35.0,47.0,-3.2,111.1,-0.9,114.5,2.5,-3.4,97.0,-1.2,0.252,0.004,0.568,0.002,0.0,0.0,0,0
114.0,Indiana Pacers,2022.0,-3.9,26.0,25.0,57.0,-3.3,112.6,0.6,116.1,4.1,-3.5,98.0,-0.2,0.239,-0.009,0.564,-0.002,0.0,0.0,0,0
115.0,Sacramento Kings,2022.0,-5.7,25.8,30.0,52.0,-5.3,109.9,-2.1,115.3,3.3,-5.4,99.8,1.6,0.264,0.016,0.561,-0.005,0.0,0.0,0,0
116.0,Detroit Pistons,2022.0,-8.1,23.6,23.0,59.0,-7.4,106.0,-6.0,113.8,1.8,-7.8,98.4,0.2,0.249,0.001,0.533,-0.033,0.0,0.0,0,0
117.0,Orlando Magic,2022.0,-8.4,23.3,22.0,60.0,-7.7,104.5,-7.5,112.5,0.5,-8.0,99.2,1.0,0.223,-0.025,0.538,-0.028,0.0,0.0,0,0
118.0,Oklahoma City Thunder,2022.0,-8.6,22.4,24.0,58.0,-7.9,104.6,-7.4,112.8,0.8,-8.2,98.5,0.3,0.223,-0.025,0.53,-0.036,0.0,0.0,0,0
119.0,Houston Rockets,2022.0,-9.1,24.1,20.0,62.0,-8.3,108.4,-3.6,116.7,4.7,-8.3,100.9,2.7,0.284,0.036,0.565,-0.001,0.0,0.0,0,0
120.0,Portland Trail Blazers,2022.0,-9.1,25.6,27.0,55.0,-8.6,107.8,-4.2,116.9,4.9,-9.1,98.3,0.1,0.248,0.0,0.55,-0.016,0.0,0.0,0,0
121.0,Phoenix Suns,2021.0,10.5,26.6,51.0,21.0,5.7,117.2,4.9,111.3,-1.0,5.9,97.2,-2.0,0.212,-0.035,0.597,0.025,14.0,8.0,1,0
122.0,Los Angeles Clippers,2021.0,10.2,28.8,47.0,25.0,6.0,117.6,5.3,111.2,-1.1,6.4,96.9,-2.3,0.222,-0.025,0.599,0.027,10.0,9.0,1,0
123.0,Milwaukee Bucks,2021.0,10.2,28.1,46.0,26.0,5.6,117.2,4.9,111.4,-0.9,5.8,102.2,3.0,0.233,-0.014,0.593,0.021,16.0,7.0,1,1
124.0,Utah Jazz,2021.0,9.0,28.5,52.0,20.0,9.0,117.6,5.3,108.3,-4.0,9.3,98.5,-0.7,0.244,-0.003,0.597,0.025,6.0,5.0,1,0
126.0,Philadelphia 76ers,2021.0,8.2,27.1,49.0,23.0,5.3,113.2,0.9,107.6,-4.7,5.6,99.5,0.3,0.293,0.046,0.579,0.007,7.0,5.0,1,0
127.0,Atlanta Hawks,2021.0,4.5,25.4,41.0,31.0,2.1,115.7,3.4,113.3,1.0,2.4,97.6,-1.6,0.278,0.031,0.581,0.009,10.0,8.0,1,0
128.0,Denver Nuggets,2021.0,3.5,26.1,47.0,25.0,4.8,117.1,4.8,112.1,-0.2,5.0,97.1,-2.1,0.219,-0.028,0.588,0.016,4.0,6.0,1,0
129.0,Portland Trail Blazers,2021.0,2.3,27.4,42.0,30.0,1.8,117.8,5.5,116.0,3.7,1.8,98.4,-0.8,0.238,-0.009,0.577,0.005,2.0,4.0,1,0
130.0,Dallas Mavericks,2021.0,2.1,26.3,42.0,30.0,2.3,115.4,3.1,113.0,0.7,2.4,97.3,-1.9,0.242,-0.005,0.582,0.01,3.0,4.0,1,0
131.0,Los Angeles Lakers,2021.0,1.9,28.2,42.0,30.0,2.8,109.9,-2.4,107.1,-5.2,2.8,98.7,-0.5,0.271,0.024,0.569,-0.003,2.0,4.0,1,0
132.0,Golden State Warriors,2021.0,1.3,26.7,39.0,33.0,1.1,111.1,-1.2,110.1,-2.2,1.0,102.2,3.0,0.239,-0.008,0.583,0.011,0.0,0.0,0,0
133.0,Memphis Grizzlies,2021.0,0.5,24.2,38.0,34.0,1.1,112.0,-0.3,111.0,-1.3,1.0,100.4,1.2,0.232,-0.015,0.56,-0.012,1.0,4.0,1,0
134.0,New York Knicks,2021.0,0.0,25.6,41.0,31.0,2.1,110.6,-1.7,108.2,-4.1,2.4,95.9,-3.3,0.242,-0.005,0.559,-0.013,1.0,4.0,1,0
135.0,Indiana Pacers,2021.0,-0.2,26.5,34.0,38.0,-0.1,112.4,0.1,112.4,0.1,0.0,101.6,2.4,0.227,-0.02,0.575,0.003,0.0,0.0,0,0
137.0,Toronto Raptors,2021.0,-0.9,26.6,27.0,45.0,-0.5,112.0,-0.3,112.5,0.2,-0.5,99.2,0.0,0.241,-0.006,0.567,-0.005,0.0,0.0,0,0
138.0,Chicago Bulls,2021.0,-1.2,25.6,31.0,41.0,-0.9,111.1,-1.2,112.0,-0.3,-0.9,99.0,-0.2,0.197,-0.05,0.575,0.003,0.0,0.0,0,0
139.0,Boston Celtics,2021.0,-1.4,25.1,36.0,36.0,1.3,114.0,1.7,112.5,0.2,1.5,98.3,-0.9,0.234,-0.013,0.574,0.002,1.0,4.0,1,0
140.0,San Antonio Spurs,2021.0,-1.7,26.2,33.0,39.0,-1.6,111.0,-1.3,112.8,0.5,-1.8,98.9,-0.3,0.243,-0.004,0.554,-0.018,0.0,0.0,0,0
142.0,Sacramento Kings,2021.0,-3.7,25.6,31.0,41.0,-3.5,113.6,1.3,117.2,4.9,-3.6,100.0,0.8,0.248,0.001,0.578,0.006,0.0,0.0,0,0
143.0,Miami Heat,2021.0,-3.8,27.4,40.0,32.0,-0.1,111.2,-1.1,111.2,-1.1,0.0,96.6,-2.6,0.252,0.005,0.581,0.009,0.0,4.0,1,0
144.0,Washington Wizards,2021.0,-4.1,26.6,34.0,38.0,-1.9,111.2,-1.1,113.0,0.7,-1.8,104.1,4.9,0.288,0.041,0.569,-0.003,1.0,4.0,1,0
145.0,Detroit Pistons,2021.0,-5.1,24.5,20.0,52.0,-4.4,108.0,-4.3,112.5,0.2,-4.5,97.9,-1.3,0.273,0.026,0.556,-0.016,0.0,0.0,0,0
146.0,Minnesota Timberwolves,2021.0,-5.9,23.2,23.0,49.0,-5.3,109.5,-2.8,115.0,2.7,-5.5,101.6,2.4,0.254,0.007,0.555,-0.017,0.0,0.0,0,0
147.0,Houston Rockets,2021.0,-8.4,26.5,17.0,55.0,-7.5,107.1,-5.2,114.9,2.6,-7.8,101.4,2.2,0.252,0.005,0.553,-0.019,0.0,0.0,0,0
148.0,Cleveland Cavaliers,2021.0,-8.8,24.0,22.0,50.0,-8.2,105.8,-6.5,114.4,2.1,-8.6,97.3,-1.9,0.261,0.014,0.543,-0.029,0.0,0.0,0,0
149.0,Orlando Magic,2021.0,-9.7,25.6,21.0,51.0,-9.0,105.1,-7.2,114.5,2.2,-9.4,98.7,-0.5,0.24,-0.007,0.527,-0.045,0.0,0.0,0,0
150.0,Oklahoma City Thunder,2021.0,-10.8,22.8,22.0,50.0,-10.1,103.5,-8.8,114.0,1.7,-10.5,101.0,1.8,0.242,-0.005,0.539,-0.033,0.0,0.0,0,0
151.0,Los Angeles Lakers,2020.0,11.1,29.5,52.0,19.0,6.3,112.0,1.4,106.3,-4.3,5.7,100.9,0.6,0.276,0.016,0.573,0.008,16.0,5.0,1,1
152.0,Boston Celtics,2020.0,9.9,25.3,48.0,24.0,5.8,113.3,2.7,107.0,-3.6,6.3,99.5,-0.8,0.259,-0.001,0.57,0.005,10.0,7.0,1,0
153.0,Los Angeles Clippers,2020.0,9.3,27.4,49.0,23.0,6.7,113.9,3.3,107.6,-3.0,6.3,101.5,1.2,0.295,0.035,0.577,0.012,7.0,6.0,1,0
154.0,Toronto Raptors,2020.0,8.8,26.6,53.0,19.0,6.0,111.1,0.5,105.0,-5.6,6.1,100.9,0.6,0.264,0.004,0.574,0.009,7.0,4.0,1,0
155.0,Milwaukee Bucks,2020.0,8.7,29.2,56.0,17.0,9.4,112.4,1.8,102.9,-7.7,9.5,105.1,4.8,0.271,0.011,0.583,0.018,5.0,5.0,1,0
156.0,Miami Heat,2020.0,8.2,25.9,44.0,29.0,2.6,112.5,1.9,109.5,-1.1,3.0,98.3,-2.0,0.299,0.039,0.587,0.022,14.0,7.0,1,0
157.0,Houston Rockets,2020.0,5.0,29.2,44.0,28.0,3.1,112.9,2.3,110.1,-0.5,2.8,103.7,3.4,0.288,0.028,0.578,0.013,5.0,7.0,1,0
158.0,Denver Nuggets,2020.0,4.2,25.6,46.0,27.0,2.4,113.1,2.5,111.0,0.4,2.1,97.1,-3.2,0.235,-0.025,0.567,0.002,9.0,10.0,1,0
159.0,Utah Jazz,2020.0,3.8,27.3,44.0,28.0,2.5,112.3,1.7,109.9,-0.7,2.4,98.6,-1.7,0.268,0.008,0.585,0.02,3.0,4.0,1,0
160.0,Dallas Mavericks,2020.0,3.1,26.1,43.0,32.0,4.9,116.7,6.1,111.7,1.1,5.0,99.3,-1.0,0.264,0.004,0.581,0.016,2.0,4.0,1,0
161.0,Oklahoma City Thunder,2020.0,1.4,25.5,44.0,28.0,2.3,110.8,0.2,108.8,-1.8,2.0,98.8,-1.5,0.29,0.03,0.573,0.008,3.0,4.0,1,0
162.0,Phoenix Suns,2020.0,0.5,24.6,34.0,39.0,0.6,111.7,1.1,111.4,0.8,0.3,101.3,1.0,0.271,0.011,0.576,0.011,0.0,0.0,0,0
163.0,Philadelphia 76ers,2020.0,-0.2,26.3,43.0,30.0,2.3,111.3,0.7,109.0,-1.6,2.3,99.0,-1.3,0.255,-0.005,0.566,0.001,0.0,4.0,1,0
165.0,San Antonio Spurs,2020.0,-0.8,27.6,32.0,39.0,-0.7,112.4,1.8,113.5,2.9,-1.1,100.5,0.2,0.262,0.002,0.572,0.007,0.0,0.0,0,0
166.0,Indiana Pacers,2020.0,-1.0,25.6,45.0,28.0,1.6,110.0,-0.6,108.0,-2.6,2.0,98.9,-1.4,0.216,-0.044,0.565,0.0,0.0,4.0,1,0
167.0,Memphis Grizzlies,2020.0,-1.0,24.1,34.0,39.0,-0.9,109.2,-1.4,110.3,-0.3,-1.1,102.8,2.5,0.24,-0.02,0.561,-0.004,0.0,0.0,0,0
168.0,Orlando Magic,2020.0,-1.2,26.1,33.0,40.0,-0.9,108.5,-2.1,109.5,-1.1,-1.0,98.6,-1.7,0.256,-0.004,0.544,-0.021,1.0,4.0,1,0
169.0,Sacramento Kings,2020.0,-1.8,27.0,31.0,41.0,-1.6,110.2,-0.4,112.2,1.6,-2.0,98.9,-1.4,0.23,-0.03,0.566,0.001,0.0,0.0,0,0
170.0,Portland Trail Blazers,2020.0,-2.1,27.5,35.0,39.0,-0.6,113.7,3.1,114.8,4.2,-1.1,100.7,0.4,0.242,-0.018,0.57,0.005,1.0,4.0,1,0
171.0,Chicago Bulls,2020.0,-4.5,24.4,22.0,43.0,-4.0,106.7,-3.9,109.8,-0.8,-3.1,99.7,-0.6,0.231,-0.029,0.547,-0.018,0.0,0.0,0,0
173.0,Minnesota Timberwolves,2020.0,-4.7,24.8,19.0,45.0,-4.0,108.1,-2.5,112.2,1.6,-4.1,103.4,3.1,0.277,0.017,0.551,-0.014,0.0,0.0,0,0
174.0,Detroit Pistons,2020.0,-5.0,25.9,20.0,46.0,-4.4,109.0,-1.6,112.7,2.1,-3.7,97.6,-2.7,0.261,0.001,0.561,-0.004,0.0,0.0,0,0
175.0,Washington Wizards,2020.0,-5.7,25.1,25.0,47.0,-5.2,110.9,0.3,115.5,4.9,-4.6,102.7,2.4,0.27,0.01,0.562,-0.003,0.0,0.0,0,0
176.0,New York Knicks,2020.0,-7.3,24.5,21.0,45.0,-6.7,106.5,-4.1,113.0,2.4,-6.5,98.6,-1.7,0.263,0.003,0.531,-0.034,0.0,0.0,0,0
178.0,Atlanta Hawks,2020.0,-8.4,24.1,20.0,47.0,-7.7,107.2,-3.4,114.8,4.2,-7.6,103.0,2.7,0.258,-0.002,0.554,-0.011,0.0,0.0,0,0
179.0,Cleveland Cavaliers,2020.0,-8.5,25.0,19.0,46.0,-7.8,107.5,-3.1,115.4,4.8,-7.9,98.7,-1.6,0.227,-0.033,0.553,-0.012,0.0,0.0,0,0
180.0,Golden State Warriors,2020.0,-9.0,24.4,15.0,50.0,-8.1,105.2,-5.4,113.8,3.2,-8.6,100.3,0.0,0.264,0.004,0.54,-0.025,0.0,0.0,0,0
181.0,Milwaukee Bucks,2019.0,13.0,26.9,60.0,22.0,8.0,113.8,3.4,105.2,-5.2,8.6,103.3,3.3,0.255,-0.004,0.583,0.023,10.0,5.0,1,0
182.0,Toronto Raptors,2019.0,11.0,27.3,58.0,24.0,5.5,113.1,2.7,107.1,-3.3,6.0,100.2,0.2,0.247,-0.012,0.579,0.019,16.0,8.0,1,1
183.0,Golden State Warriors,2019.0,9.5,28.4,57.0,25.0,6.4,115.9,5.5,109.5,-0.9,6.4,100.9,0.9,0.227,-0.032,0.596,0.036,14.0,8.0,1,0
184.0,Houston Rockets,2019.0,8.2,29.2,53.0,29.0,5.0,115.5,5.1,110.7,0.3,4.8,97.9,-2.1,0.279,0.02,0.581,0.021,6.0,5.0,1,0
185.0,Denver Nuggets,2019.0,6.4,24.9,54.0,28.0,4.2,113.0,2.6,108.9,-1.5,4.1,97.7,-2.3,0.232,-0.027,0.558,-0.002,7.0,7.0,1,0
186.0,Portland Trail Blazers,2019.0,5.5,26.2,53.0,29.0,4.4,114.7,4.3,110.5,0.1,4.2,99.1,-0.9,0.258,-0.001,0.568,0.008,8.0,8.0,1,0
187.0,Philadelphia 76ers,2019.0,5.4,26.4,51.0,31.0,2.3,112.6,2.2,110.0,-0.4,2.6,101.6,1.6,0.312,0.053,0.574,0.014,7.0,5.0,1,0
188.0,Boston Celtics,2019.0,4.7,25.7,49.0,33.0,3.9,112.2,1.8,107.8,-2.6,4.4,99.6,-0.4,0.215,-0.044,0.567,0.007,5.0,4.0,1,0
189.0,Utah Jazz,2019.0,2.7,27.3,50.0,32.0,5.3,110.9,0.5,105.7,-4.7,5.2,100.3,0.3,0.295,0.036,0.572,0.012,1.0,4.0,1,0
190.0,San Antonio Spurs,2019.0,2.2,28.8,48.0,34.0,1.8,112.9,2.5,111.2,0.8,1.7,98.3,-1.7,0.237,-0.022,0.572,0.012,3.0,4.0,1,0
191.0,Oklahoma City Thunder,2019.0,2.1,25.7,49.0,33.0,3.6,110.3,-0.1,107.0,-3.4,3.3,102.8,2.8,0.266,0.007,0.545,-0.015,1.0,4.0,1,0
192.0,Indiana Pacers,2019.0,0.7,27.0,48.0,34.0,2.8,109.9,-0.5,106.5,-3.9,3.4,98.1,-1.9,0.242,-0.017,0.561,0.001,0.0,4.0,1,0
193.0,Los Angeles Clippers,2019.0,0.2,27.2,48.0,34.0,1.1,112.4,2.0,111.5,1.1,0.9,101.7,1.7,0.326,0.067,0.575,0.015,2.0,4.0,1,0
194.0,Miami Heat,2019.0,-0.5,27.0,39.0,43.0,-0.5,107.3,-3.1,107.6,-2.8,-0.3,98.2,-1.8,0.247,-0.012,0.542,-0.018,0.0,0.0,0,0
195.0,Sacramento Kings,2019.0,-0.9,24.8,39.0,43.0,-0.8,110.4,0.0,111.5,1.1,-1.1,103.1,3.1,0.244,-0.015,0.554,-0.006,0.0,0.0,0,0
196.0,Dallas Mavericks,2019.0,-1.2,26.9,33.0,49.0,-0.9,109.4,-1.0,110.7,0.3,-1.3,99.0,-1.0,0.291,0.032,0.555,-0.005,0.0,0.0,0,0
197.0,Minnesota Timberwolves,2019.0,-1.2,26.2,36.0,46.0,-1.0,111.4,1.0,112.9,2.5,-1.5,100.2,0.2,0.267,0.008,0.552,-0.008,0.0,0.0,0,0
200.0,Los Angeles Lakers,2019.0,-1.5,26.2,37.0,45.0,-1.3,107.8,-2.6,109.5,-0.9,-1.7,103.2,3.2,0.257,-0.002,0.554,-0.006,0.0,0.0,0,0
201.0,Memphis Grizzlies,2019.0,-2.4,27.7,33.0,49.0,-2.1,106.1,-4.3,108.8,-1.6,-2.7,96.6,-3.4,0.272,0.013,0.548,-0.012,0.0,0.0,0,0
202.0,Orlando Magic,2019.0,-2.6,25.7,42.0,40.0,0.3,108.9,-1.5,108.1,-2.3,0.8,98.1,-1.9,0.216,-0.043,0.55,-0.01,1.0,4.0,1,0
204.0,Washington Wizards,2019.0,-3.7,26.5,32.0,50.0,-3.3,111.1,0.7,113.9,3.5,-2.8,101.4,1.4,0.266,0.007,0.567,0.007,0.0,0.0,0,0
205.0,Detroit Pistons,2019.0,-4.5,26.9,41.0,41.0,-0.6,109.0,-1.4,109.2,-1.2,-0.2,97.4,-2.6,0.262,0.003,0.544,-0.016,0.0,4.0,1,0
206.0,Atlanta Hawks,2019.0,-6.5,25.1,29.0,53.0,-6.1,108.1,-2.3,113.9,3.5,-5.8,103.9,3.9,0.255,-0.004,0.555,-0.005,0.0,0.0,0,0
207.0,Chicago Bulls,2019.0,-9.1,24.0,22.0,60.0,-8.3,104.8,-5.6,113.2,2.8,-8.4,99.0,-1.0,0.235,-0.024,0.541,-0.019,0.0,0.0,0,0
208.0,Phoenix Suns,2019.0,-9.5,24.0,19.0,63.0,-8.6,105.9,-4.5,115.1,4.7,-9.2,100.5,0.5,0.259,0.0,0.552,-0.008,0.0,0.0,0,0
209.0,New York Knicks,2019.0,-9.9,23.4,17.0,65.0,-8.9,104.5,-5.9,113.7,3.3,-9.2,99.6,-0.4,0.27,0.011,0.529,-0.031,0.0,0.0,0,0
210.0,Cleveland Cavaliers,2019.0,-10.3,25.2,19.0,63.0,-9.4,107.7,-2.7,117.6,7.2,-9.9,96.6,-3.4,0.236,-0.023,0.54,-0.02,0.0,0.0,0,0
211.0,Golden State Warriors,2018.0,14.0,28.8,58.0,24.0,5.8,113.6,5.0,107.6,-1.0,6.0,99.6,2.3,0.239,-0.013,0.603,0.047,16.0,5.0,1,1
212.0,Houston Rockets,2018.0,9.8,29.8,65.0,17.0,8.2,114.7,6.1,106.1,-2.5,8.6,97.6,0.3,0.298,0.046,0.59,0.034,11.0,6.0,1,0
213.0,Utah Jazz,2018.0,5.5,26.7,48.0,34.0,4.5,108.4,-0.2,103.9,-4.7,4.5,95.7,-1.6,0.26,0.008,0.564,0.008,5.0,6.0,1,0
214.0,Philadelphia 76ers,2018.0,5.3,25.8,52.0,30.0,4.3,109.5,0.9,105.0,-3.6,4.5,99.8,2.5,0.263,0.011,0.568,0.012,5.0,5.0,1,0
215.0,Toronto Raptors,2018.0,5.1,25.8,59.0,23.0,7.3,113.8,5.2,105.9,-2.7,7.9,97.4,0.1,0.25,-0.002,0.575,0.019,4.0,6.0,1,0
216.0,Boston Celtics,2018.0,4.6,24.7,55.0,27.0,3.2,107.6,-1.0,103.9,-4.7,3.7,96.0,-1.3,0.243,-0.009,0.552,-0.004,11.0,8.0,1,0
217.0,Cleveland Cavaliers,2018.0,3.4,30.6,50.0,32.0,0.6,112.9,4.3,111.9,3.3,1.0,98.0,0.7,0.275,0.023,0.584,0.028,12.0,10.0,1,0
218.0,Indiana Pacers,2018.0,3.0,26.2,48.0,34.0,1.2,109.5,0.9,108.1,-0.5,1.4,96.0,-1.3,0.222,-0.03,0.557,0.001,3.0,4.0,1,0
220.0,Oklahoma City Thunder,2018.0,2.7,27.3,48.0,34.0,3.4,110.7,2.1,107.2,-1.4,3.5,96.7,-0.6,0.275,0.023,0.546,-0.01,2.0,4.0,1,0
221.0,Denver Nuggets,2018.0,1.8,25.1,46.0,36.0,1.6,112.5,3.9,111.0,2.4,1.5,96.8,-0.5,0.258,0.006,0.57,0.014,0.0,0.0,0,0
222.0,Washington Wizards,2018.0,1.6,26.9,43.0,39.0,0.5,109.3,0.7,108.7,0.1,0.6,96.6,-0.7,0.254,0.002,0.56,0.004,2.0,4.0,1,0
223.0,Minnesota Timberwolves,2018.0,1.2,27.1,47.0,35.0,2.4,113.4,4.8,111.1,2.5,2.3,96.0,-1.3,0.28,0.028,0.566,0.01,1.0,4.0,1,0
224.0,San Antonio Spurs,2018.0,1.0,29.3,47.0,35.0,2.9,107.9,-0.7,104.8,-3.8,3.1,95.0,-2.3,0.245,-0.007,0.543,-0.013,1.0,4.0,1,0
225.0,Milwaukee Bucks,2018.0,0.5,25.9,44.0,38.0,-0.5,109.8,1.2,110.1,1.5,-0.3,96.2,-1.1,0.281,0.029,0.571,0.015,3.0,4.0,1,0
226.0,Los Angeles Clippers,2018.0,0.2,27.0,42.0,40.0,0.2,110.3,1.7,110.2,1.6,0.1,98.7,1.4,0.299,0.047,0.564,0.008,0.0,0.0,0,0
228.0,Portland Trail Blazers,2018.0,-0.1,25.6,49.0,33.0,2.6,109.1,0.5,106.4,-2.2,2.7,96.5,-0.8,0.24,-0.012,0.549,-0.007,0.0,4.0,1,0
229.0,Detroit Pistons,2018.0,-0.3,25.9,39.0,43.0,-0.3,107.2,-1.4,107.3,-1.3,-0.1,96.2,-1.1,0.227,-0.025,0.543,-0.013,0.0,0.0,0,0
230.0,Los Angeles Lakers,2018.0,-1.7,23.7,35.0,47.0,-1.4,106.5,-2.1,108.0,-0.6,-1.5,100.3,3.0,0.264,0.012,0.548,-0.008,0.0,0.0,0,0
231.0,Miami Heat,2018.0,-1.9,26.5,44.0,38.0,0.2,106.8,-1.8,106.3,-2.3,0.5,95.6,-1.7,0.229,-0.023,0.551,-0.005,1.0,4.0,1,0
232.0,Dallas Mavericks,2018.0,-3.4,27.7,24.0,58.0,-2.7,106.3,-2.3,109.5,0.9,-3.2,95.6,-1.7,0.217,-0.035,0.544,-0.012,0.0,0.0,0,0
233.0,New York Knicks,2018.0,-4.0,26.3,29.0,53.0,-3.5,107.1,-1.5,110.7,2.1,-3.6,96.8,-0.5,0.216,-0.036,0.544,-0.012,0.0,0.0,0,0
235.0,Orlando Magic,2018.0,-5.6,25.6,25.0,57.0,-4.9,105.2,-3.4,110.1,1.5,-4.9,98.1,0.8,0.238,-0.014,0.545,-0.011,0.0,0.0,0,0
236.0,Atlanta Hawks,2018.0,-6.0,25.4,24.0,58.0,-5.3,105.0,-3.6,110.6,2.0,-5.6,98.3,1.0,0.236,-0.016,0.547,-0.009,0.0,0.0,0,0
237.0,Memphis Grizzlies,2018.0,-6.6,26.0,22.0,60.0,-5.8,104.5,-4.1,111.0,2.4,-6.5,94.9,-2.4,0.255,0.003,0.539,-0.017,0.0,0.0,0,0
238.0,Sacramento Kings,2018.0,-7.2,26.4,27.0,55.0,-6.6,103.7,-4.9,111.1,2.5,-7.4,94.9,-2.4,0.194,-0.058,0.529,-0.027,0.0,0.0,0,0
239.0,Chicago Bulls,2018.0,-7.4,24.4,27.0,55.0,-6.8,103.8,-4.8,110.9,2.3,-7.1,98.3,1.0,0.216,-0.036,0.529,-0.027,0.0,0.0,0,0
240.0,Phoenix Suns,2018.0,-9.6,23.7,21.0,61.0,-8.8,103.5,-5.1,112.8,4.2,-9.3,100.3,3.0,0.275,0.023,0.532,-0.024,0.0,0.0,0,0
241.0,Golden State Warriors,2017.0,18.7,28.2,67.0,15.0,11.4,115.6,6.8,104.0,-4.8,11.6,99.8,3.4,0.259,-0.012,0.597,0.045,16.0,1.0,1,1
242.0,Cleveland Cavaliers,2017.0,11.3,29.2,51.0,31.0,2.9,113.6,4.8,110.3,1.5,3.3,96.2,-0.2,0.275,0.004,0.58,0.028,13.0,5.0,1,0
243.0,San Antonio Spurs,2017.0,8.9,29.6,61.0,21.0,7.1,111.1,2.3,103.5,-5.3,7.6,94.2,-2.2,0.263,-0.008,0.564,0.012,8.0,8.0,1,0
244.0,Houston Rockets,2017.0,7.7,27.4,55.0,27.0,5.8,114.7,5.9,109.0,0.2,5.7,100.0,3.6,0.304,0.033,0.583,0.031,6.0,5.0,1,0
245.0,Los Angeles Clippers,2017.0,4.5,30.0,51.0,31.0,4.4,112.7,3.9,108.2,-0.6,4.5,96.1,-0.3,0.312,0.041,0.574,0.022,3.0,4.0,1,0
246.0,Utah Jazz,2017.0,4.5,26.8,51.0,31.0,4.0,109.6,0.8,105.3,-3.5,4.3,91.6,-4.8,0.288,0.017,0.563,0.011,4.0,7.0,1,0
247.0,Washington Wizards,2017.0,2.6,26.0,49.0,33.0,1.4,111.2,2.4,109.3,0.5,1.9,97.4,1.0,0.254,-0.017,0.564,0.012,7.0,6.0,1,0
248.0,Toronto Raptors,2017.0,1.8,26.1,51.0,31.0,3.7,112.3,3.5,107.8,-1.0,4.5,94.7,-1.7,0.293,0.022,0.561,0.009,4.0,6.0,1,0
249.0,Boston Celtics,2017.0,1.7,25.9,53.0,29.0,2.3,111.2,2.4,108.4,-0.4,2.8,96.8,0.4,0.273,0.002,0.567,0.015,9.0,9.0,1,0
250.0,Miami Heat,2017.0,0.8,26.5,41.0,41.0,0.8,107.8,-1.0,106.7,-2.1,1.1,95.2,-1.2,0.251,-0.02,0.541,-0.011,0.0,0.0,0,0
251.0,Denver Nuggets,2017.0,0.7,25.2,40.0,42.0,0.7,113.2,4.4,112.7,3.9,0.5,98.3,1.9,0.276,0.005,0.568,0.016,0.0,0.0,0,0
252.0,Milwaukee Bucks,2017.0,0.3,25.6,42.0,40.0,-0.5,109.1,0.3,109.3,0.5,-0.2,94.5,-1.9,0.274,0.003,0.565,0.013,2.0,4.0,1,0
253.0,Memphis Grizzlies,2017.0,0.0,29.5,43.0,39.0,1.0,107.7,-1.1,107.1,-1.7,0.6,92.3,-4.1,0.28,0.009,0.535,-0.017,2.0,4.0,1,0
254.0,Oklahoma City Thunder,2017.0,-0.1,24.7,47.0,35.0,1.1,108.3,-0.5,107.5,-1.3,0.8,97.8,1.4,0.295,0.024,0.54,-0.012,1.0,4.0,1,0
256.0,Atlanta Hawks,2017.0,-1.0,27.9,43.0,39.0,-1.2,104.9,-3.9,105.7,-3.1,-0.8,97.4,1.0,0.295,0.024,0.541,-0.011,2.0,4.0,1,0
257.0,Minnesota Timberwolves,2017.0,-1.0,24.0,31.0,51.0,-0.6,110.8,2.0,112.0,3.2,-1.2,94.6,-1.8,0.287,0.016,0.555,0.003,0.0,0.0,0,0
258.0,Chicago Bulls,2017.0,-1.4,26.9,41.0,41.0,0.0,107.4,-1.4,107.0,-1.8,0.4,95.3,-1.1,0.259,-0.012,0.53,-0.022,2.0,4.0,1,0
259.0,Detroit Pistons,2017.0,-1.4,25.4,37.0,45.0,-1.3,106.0,-2.8,107.1,-1.7,-1.1,95.0,-1.4,0.218,-0.053,0.521,-0.031,0.0,0.0,0,0
260.0,Indiana Pacers,2017.0,-1.8,27.0,42.0,40.0,-0.6,108.6,-0.2,108.8,0.0,-0.2,95.9,-0.5,0.261,-0.01,0.558,0.006,0.0,4.0,1,0
262.0,Portland Trail Blazers,2017.0,-2.5,24.8,41.0,41.0,-0.2,110.3,1.5,110.8,2.0,-0.5,96.7,0.3,0.275,0.004,0.559,0.007,0.0,4.0,1,0
263.0,Dallas Mavericks,2017.0,-2.8,27.6,33.0,49.0,-2.5,105.6,-3.2,108.8,0.0,-3.2,92.2,-4.2,0.225,-0.046,0.541,-0.011,0.0,0.0,0,0
264.0,Sacramento Kings,2017.0,-3.6,27.9,32.0,50.0,-3.3,107.3,-1.5,111.3,2.5,-4.0,94.9,-1.5,0.284,0.013,0.556,0.004,0.0,0.0,0,0
265.0,New York Knicks,2017.0,-4.3,27.3,31.0,51.0,-3.9,107.7,-1.1,111.5,2.7,-3.8,96.0,-0.4,0.239,-0.032,0.534,-0.018,0.0,0.0,0,0
266.0,Phoenix Suns,2017.0,-5.8,25.0,24.0,58.0,-5.1,106.6,-2.2,112.2,3.4,-5.6,100.3,3.9,0.297,0.026,0.538,-0.014,0.0,0.0,0,0
267.0,Philadelphia 76ers,2017.0,-6.4,24.6,28.0,54.0,-5.8,103.2,-5.6,108.9,0.1,-5.7,98.5,2.1,0.258,-0.013,0.539,-0.013,0.0,0.0,0,0
268.0,Los Angeles Lakers,2017.0,-6.9,25.1,26.0,56.0,-6.3,106.0,-2.8,113.0,4.2,-7.0,98.5,2.1,0.259,-0.012,0.537,-0.015,0.0,0.0,0,0
269.0,Orlando Magic,2017.0,-7.1,25.3,29.0,53.0,-6.6,103.7,-5.1,110.5,1.7,-6.8,96.8,0.4,0.246,-0.025,0.524,-0.028,0.0,0.0,0,0
271.0,Cleveland Cavaliers,2016.0,14.2,28.1,57.0,25.0,5.5,110.9,4.5,104.5,-1.9,6.4,93.3,-2.5,0.259,-0.017,0.558,0.017,16.0,5.0,1,1
272.0,Oklahoma City Thunder,2016.0,12.9,25.8,55.0,27.0,7.1,113.1,6.7,105.6,-0.8,7.5,96.7,0.9,0.292,0.016,0.565,0.024,11.0,7.0,1,0
273.0,San Antonio Spurs,2016.0,12.6,30.3,67.0,15.0,10.3,110.3,3.9,99.0,-7.4,11.3,93.8,-2.0,0.246,-0.03,0.564,0.023,6.0,4.0,1,0
274.0,Golden State Warriors,2016.0,12.1,27.4,73.0,9.0,10.4,114.5,8.1,103.8,-2.6,10.7,99.3,3.5,0.25,-0.026,0.593,0.052,15.0,9.0,1,0
275.0,Miami Heat,2016.0,6.1,28.4,48.0,34.0,1.5,106.1,-0.3,104.4,-2.0,1.7,93.6,-2.2,0.282,0.006,0.545,0.004,7.0,7.0,1,0
276.0,Los Angeles Clippers,2016.0,3.9,29.7,53.0,29.0,4.1,108.3,1.9,103.8,-2.6,4.5,95.8,0.0,0.318,0.042,0.556,0.015,2.0,4.0,1,0
277.0,Atlanta Hawks,2016.0,3.6,28.2,48.0,34.0,3.5,105.1,-1.3,101.4,-5.0,3.7,97.1,1.3,0.237,-0.039,0.552,0.011,4.0,6.0,1,0
278.0,Portland Trail Blazers,2016.0,3.4,24.3,44.0,38.0,1.0,108.8,2.4,108.0,1.6,0.8,96.0,0.2,0.268,-0.008,0.548,0.007,5.0,6.0,1,0
279.0,Indiana Pacers,2016.0,2.9,26.9,45.0,37.0,1.6,104.6,-1.8,102.9,-3.5,1.7,96.6,0.8,0.268,-0.008,0.536,-0.005,3.0,4.0,1,0
280.0,Toronto Raptors,2016.0,2.4,26.3,56.0,26.0,4.1,110.0,3.6,105.2,-1.2,4.8,92.9,-2.9,0.328,0.052,0.552,0.011,10.0,10.0,1,0
281.0,Utah Jazz,2016.0,1.8,24.2,40.0,42.0,1.8,105.9,-0.5,103.9,-2.5,2.0,91.0,-4.8,0.286,0.01,0.54,-0.001,0.0,0.0,0,0
282.0,Boston Celtics,2016.0,1.4,25.2,48.0,34.0,2.8,106.8,0.4,103.6,-2.8,3.2,98.5,2.7,0.264,-0.012,0.531,-0.01,2.0,4.0,1,0
284.0,Washington Wizards,2016.0,-0.5,27.3,41.0,41.0,-0.5,105.3,-1.1,105.8,-0.6,-0.5,98.5,2.7,0.263,-0.013,0.544,0.003,0.0,0.0,0,0
285.0,Chicago Bulls,2016.0,-1.4,27.6,42.0,40.0,-1.5,105.0,-1.4,106.5,0.1,-1.5,95.7,-0.1,0.24,-0.036,0.526,-0.015,0.0,0.0,0,0
286.0,Detroit Pistons,2016.0,-1.4,25.0,44.0,38.0,0.4,106.1,-0.3,105.5,-0.9,0.6,95.1,-0.7,0.296,0.02,0.522,-0.019,0.0,4.0,1,0
287.0,Orlando Magic,2016.0,-1.9,23.9,35.0,47.0,-1.7,105.1,-1.3,106.8,0.4,-1.7,96.0,0.2,0.232,-0.044,0.533,-0.008,0.0,0.0,0,0
288.0,Houston Rockets,2016.0,-2.4,27.8,41.0,41.0,0.3,108.3,1.9,108.1,1.7,0.2,97.6,1.8,0.352,0.076,0.553,0.012,1.0,4.0,1,0
289.0,Sacramento Kings,2016.0,-2.6,26.6,33.0,49.0,-2.3,106.0,-0.4,108.4,2.0,-2.4,100.0,4.2,0.295,0.019,0.546,0.005,0.0,0.0,0,0
290.0,Denver Nuggets,2016.0,-3.1,24.7,33.0,49.0,-2.8,105.6,-0.8,108.9,2.5,-3.3,95.7,-0.1,0.282,0.006,0.531,-0.01,0.0,0.0,0,0
291.0,New York Knicks,2016.0,-3.1,27.2,32.0,50.0,-2.7,104.6,-1.8,107.6,1.2,-3.0,93.4,-2.4,0.255,-0.021,0.527,-0.014,0.0,0.0,0,0
292.0,Dallas Mavericks,2016.0,-3.7,30.3,42.0,40.0,0.0,106.7,0.3,107.0,0.6,-0.3,94.3,-1.5,0.265,-0.011,0.544,0.003,1.0,4.0,1,0
293.0,Minnesota Timberwolves,2016.0,-3.9,24.6,29.0,53.0,-3.4,106.5,0.1,110.1,3.7,-3.6,95.2,-0.6,0.332,0.056,0.549,0.008,0.0,0.0,0,0
295.0,Milwaukee Bucks,2016.0,-4.3,23.5,33.0,49.0,-4.0,104.3,-2.1,108.7,2.3,-4.4,94.2,-1.6,0.276,0.0,0.537,-0.004,0.0,0.0,0,0
296.0,Memphis Grizzlies,2016.0,-5.6,30.5,42.0,40.0,-2.1,105.4,-1.0,107.8,1.4,-2.4,93.3,-2.5,0.295,0.019,0.524,-0.017,0.0,4.0,1,0
297.0,Phoenix Suns,2016.0,-7.1,26.0,23.0,59.0,-6.3,102.2,-4.2,109.0,2.6,-6.8,98.5,2.7,0.271,-0.005,0.526,-0.015,0.0,0.0,0,0
299.0,Los Angeles Lakers,2016.0,-9.9,26.5,17.0,65.0,-8.9,101.6,-4.8,111.6,5.2,-10.0,95.6,-0.2,0.292,0.016,0.509,-0.032,0.0,0.0,0,0
300.0,Philadelphia 76ers,2016.0,-11.2,23.3,10.0,72.0,-9.9,98.8,-7.6,109.2,2.8,-10.4,97.9,2.1,0.269,-0.007,0.519,-0.022,0.0,0.0,0,0
301.0,Golden State Warriors,2015.0,14.4,26.6,67.0,15.0,10.0,111.6,6.0,101.4,-4.2,10.2,98.3,4.4,0.239,-0.034,0.571,0.037,16.0,5.0,1,1
302.0,Cleveland Cavaliers,2015.0,9.5,26.9,53.0,29.0,4.1,111.1,5.5,106.3,0.7,4.8,92.3,-1.6,0.287,0.014,0.557,0.023,14.0,6.0,1,0
303.0,Los Angeles Clippers,2015.0,8.4,28.8,56.0,26.0,6.8,112.4,6.8,105.5,-0.1,6.9,94.7,0.8,0.303,0.03,0.565,0.031,7.0,7.0,1,0
304.0,San Antonio Spurs,2015.0,7.2,29.8,55.0,27.0,6.3,108.5,2.9,102.0,-3.6,6.5,93.8,-0.1,0.256,-0.017,0.555,0.021,3.0,4.0,1,0
305.0,Memphis Grizzlies,2015.0,6.4,29.6,55.0,27.0,3.6,105.7,0.1,102.2,-3.4,3.5,92.0,-1.9,0.276,0.003,0.531,-0.003,6.0,5.0,1,0
306.0,Houston Rockets,2015.0,6.2,27.6,56.0,26.0,3.8,107.0,1.4,103.4,-2.2,3.6,96.5,2.6,0.312,0.039,0.548,0.014,9.0,8.0,1,0
307.0,Chicago Bulls,2015.0,5.2,28.8,50.0,32.0,2.5,107.5,1.9,104.3,-1.3,3.2,92.8,-1.1,0.304,0.031,0.536,0.002,6.0,6.0,1,0
308.0,Atlanta Hawks,2015.0,3.8,27.8,60.0,22.0,4.8,108.9,3.3,103.1,-2.5,5.8,93.9,0.0,0.259,-0.014,0.563,0.029,8.0,8.0,1,0
309.0,Washington Wizards,2015.0,2.9,28.6,46.0,36.0,0.2,103.7,-1.9,103.0,-2.6,0.7,93.7,-0.2,0.259,-0.014,0.534,0.0,6.0,4.0,1,0
310.0,Oklahoma City Thunder,2015.0,2.7,25.4,45.0,37.0,2.5,107.8,2.2,105.5,-0.1,2.3,95.7,1.8,0.284,0.011,0.532,-0.002,0.0,0.0,0,0
311.0,Dallas Mavericks,2015.0,2.3,29.9,50.0,32.0,3.4,109.5,3.9,106.4,0.8,3.1,95.2,1.3,0.262,-0.011,0.55,0.016,1.0,4.0,1,0
312.0,Portland Trail Blazers,2015.0,2.2,27.0,51.0,31.0,4.4,108.2,2.6,103.7,-1.9,4.5,94.2,0.3,0.225,-0.048,0.544,0.01,1.0,4.0,1,0
313.0,Utah Jazz,2015.0,0.6,23.4,38.0,44.0,0.7,105.1,-0.5,104.9,-0.7,0.2,90.4,-3.5,0.297,0.024,0.531,-0.003,0.0,0.0,0,0
315.0,Indiana Pacers,2015.0,-0.3,28.3,38.0,44.0,-0.2,103.5,-2.1,103.2,-2.4,0.3,93.2,-0.7,0.266,-0.007,0.523,-0.011,0.0,0.0,0,0
316.0,Phoenix Suns,2015.0,-0.4,25.7,39.0,43.0,-0.4,105.3,-0.3,106.2,0.6,-0.9,96.3,2.4,0.251,-0.022,0.537,0.003,0.0,0.0,0,0
317.0,Toronto Raptors,2015.0,-1.6,26.1,49.0,33.0,2.5,111.0,5.4,107.7,2.1,3.3,92.8,-1.1,0.295,0.022,0.553,0.019,0.0,4.0,1,0
318.0,Detroit Pistons,2015.0,-1.7,25.9,32.0,50.0,-1.4,105.3,-0.3,106.4,0.8,-1.1,92.8,-1.1,0.261,-0.012,0.515,-0.019,0.0,0.0,0,0
319.0,Boston Celtics,2015.0,-2.6,25.0,40.0,42.0,-0.4,104.7,-0.9,104.5,-1.1,0.2,95.8,1.9,0.233,-0.04,0.523,-0.011,0.0,4.0,1,0
320.0,Milwaukee Bucks,2015.0,-2.8,24.6,41.0,41.0,-0.1,102.7,-2.9,102.2,-3.4,0.5,94.1,0.2,0.258,-0.015,0.536,0.002,2.0,4.0,1,0
322.0,Miami Heat,2015.0,-3.1,28.5,37.0,45.0,-2.9,103.9,-1.7,106.7,1.1,-2.8,90.9,-3.0,0.306,0.033,0.54,0.006,0.0,0.0,0,0
323.0,Denver Nuggets,2015.0,-3.5,26.4,30.0,52.0,-3.1,104.5,-1.1,108.2,2.6,-3.7,96.1,2.2,0.278,0.005,0.518,-0.016,0.0,0.0,0,0
324.0,Sacramento Kings,2015.0,-3.6,26.0,29.0,53.0,-3.1,105.3,-0.3,109.2,3.6,-3.9,95.4,1.5,0.363,0.09,0.542,0.008,0.0,0.0,0,0
326.0,Orlando Magic,2015.0,-6.5,24.3,25.0,57.0,-5.9,101.6,-4.0,107.7,2.1,-6.1,93.8,-0.1,0.23,-0.043,0.524,-0.01,0.0,0.0,0,0
327.0,Los Angeles Lakers,2015.0,-7.0,27.0,21.0,61.0,-6.2,103.4,-2.2,110.6,5.0,-7.2,94.0,0.1,0.276,0.003,0.513,-0.021,0.0,0.0,0,0
328.0,Minnesota Timberwolves,2015.0,-9.0,24.4,16.0,66.0,-8.0,102.9,-2.7,112.2,6.6,-9.3,94.4,0.5,0.309,0.036,0.517,-0.017,0.0,0.0,0,0
329.0,Philadelphia 76ers,2015.0,-10.0,23.2,18.0,64.0,-9.0,95.5,-10.1,104.8,-0.8,-9.3,95.7,1.8,0.288,0.015,0.494,-0.04,0.0,0.0,0,0
330.0,New York Knicks,2015.0,-10.5,26.9,17.0,65.0,-9.5,99.9,-5.7,110.0,4.4,-10.1,91.2,-2.7,0.234,-0.039,0.508,-0.026,0.0,0.0,0,0
331.0,San Antonio Spurs,2014.0,15.0,28.9,62.0,20.0,8.0,110.5,3.8,102.4,-4.3,8.1,95.0,1.1,0.24,-0.044,0.571,0.03,16.0,7.0,1,1
332.0,Los Angeles Clippers,2014.0,9.4,28.1,57.0,25.0,7.3,112.1,5.4,104.8,-1.9,7.3,95.9,2.0,0.353,0.069,0.567,0.026,6.0,7.0,1,0
333.0,Oklahoma City Thunder,2014.0,7.5,26.2,59.0,23.0,6.7,110.5,3.8,103.9,-2.8,6.6,95.4,1.5,0.303,0.019,0.566,0.025,10.0,9.0,1,0
334.0,Miami Heat,2014.0,6.8,30.6,54.0,28.0,4.2,110.9,4.2,105.8,-0.9,5.1,91.2,-2.7,0.3,0.016,0.59,0.049,13.0,7.0,1,0
335.0,Houston Rockets,2014.0,5.3,25.4,54.0,28.0,5.1,111.0,4.3,106.3,-0.4,4.7,96.3,2.4,0.386,0.102,0.571,0.03,2.0,4.0,1,0
336.0,Golden State Warriors,2014.0,5.0,26.3,51.0,31.0,5.2,107.5,0.8,102.6,-4.1,4.9,96.2,2.3,0.247,-0.037,0.55,0.009,3.0,4.0,1,0
337.0,Portland Trail Blazers,2014.0,4.6,25.8,54.0,28.0,4.4,111.5,4.8,107.4,0.7,4.1,94.9,1.0,0.27,-0.014,0.548,0.007,5.0,6.0,1,0
338.0,Dallas Mavericks,2014.0,4.1,30.6,49.0,33.0,2.9,111.2,4.5,108.7,2.0,2.5,93.5,-0.4,0.253,-0.031,0.564,0.023,3.0,4.0,1,0
339.0,Indiana Pacers,2014.0,3.5,27.2,56.0,26.0,3.6,104.1,-2.6,99.3,-7.4,4.8,92.5,-1.4,0.29,0.006,0.535,-0.006,10.0,9.0,1,0
340.0,Phoenix Suns,2014.0,3.3,26.2,48.0,34.0,3.0,109.5,2.8,106.7,0.0,2.8,95.8,1.9,0.293,0.009,0.558,0.017,0.0,0.0,0,0
341.0,Minnesota Timberwolves,2014.0,3.1,26.3,40.0,42.0,3.1,108.9,2.2,106.2,-0.5,2.7,97.3,3.4,0.321,0.037,0.535,-0.006,0.0,0.0,0,0
342.0,Washington Wizards,2014.0,3.0,26.3,44.0,38.0,0.5,106.0,-0.7,104.6,-2.1,1.4,93.2,-0.7,0.248,-0.036,0.538,-0.003,6.0,5.0,1,0
343.0,Memphis Grizzlies,2014.0,2.3,28.5,50.0,32.0,2.2,106.3,-0.4,104.6,-2.1,1.7,89.9,-4.0,0.248,-0.036,0.529,-0.012,3.0,4.0,1,0
344.0,Toronto Raptors,2014.0,1.4,25.6,48.0,34.0,2.6,108.8,2.1,105.3,-1.4,3.5,91.8,-2.1,0.306,0.022,0.545,0.004,3.0,4.0,1,0
346.0,Atlanta Hawks,2014.0,-0.1,27.5,38.0,44.0,-0.9,105.9,-0.8,106.4,-0.3,-0.5,94.6,0.7,0.266,-0.018,0.554,0.013,3.0,4.0,1,0
347.0,Chicago Bulls,2014.0,-0.5,28.6,48.0,34.0,1.2,102.5,-4.2,100.5,-6.2,2.0,90.2,-3.7,0.29,0.006,0.518,-0.023,1.0,4.0,1,0
349.0,New York Knicks,2014.0,-1.5,28.3,37.0,45.0,-1.4,108.3,1.6,109.1,2.4,-0.8,90.3,-3.6,0.248,-0.036,0.541,0.0,0.0,0.0,0,0
350.0,Denver Nuggets,2014.0,-1.6,26.0,36.0,46.0,-1.4,106.0,-0.7,108.2,1.5,-2.2,98.1,4.2,0.306,0.022,0.536,-0.005,0.0,0.0,0,0
352.0,Sacramento Kings,2014.0,-2.6,24.9,28.0,54.0,-2.1,105.7,-1.0,108.8,2.1,-3.1,94.4,0.5,0.331,0.047,0.532,-0.009,0.0,0.0,0,0
353.0,Cleveland Cavaliers,2014.0,-4.2,24.9,33.0,49.0,-3.9,104.2,-2.5,107.7,1.0,-3.5,93.1,-0.8,0.268,-0.016,0.518,-0.023,0.0,0.0,0,0
354.0,Detroit Pistons,2014.0,-4.6,24.7,29.0,53.0,-4.1,105.9,-0.8,109.7,3.0,-3.8,94.9,1.0,0.296,0.012,0.514,-0.027,0.0,0.0,0,0
355.0,Boston Celtics,2014.0,-5.6,25.4,25.0,57.0,-5.0,102.9,-3.8,107.7,1.0,-4.8,93.3,-0.6,0.248,-0.036,0.517,-0.024,0.0,0.0,0,0
356.0,Los Angeles Lakers,2014.0,-5.9,26.8,27.0,55.0,-5.3,104.2,-2.5,110.6,3.9,-6.4,98.7,4.8,0.263,-0.021,0.542,0.001,0.0,0.0,0,0
357.0,Orlando Magic,2014.0,-6.6,24.6,23.0,59.0,-5.9,101.7,-5.0,107.4,0.7,-5.7,93.6,-0.3,0.253,-0.031,0.525,-0.016,0.0,0.0,0,0
358.0,Utah Jazz,2014.0,-6.9,24.5,25.0,57.0,-6.3,103.5,-3.2,111.3,4.6,-7.8,91.4,-2.5,0.271,-0.013,0.523,-0.018,0.0,0.0,0,0
359.0,Milwaukee Bucks,2014.0,-9.5,24.7,15.0,67.0,-8.4,103.0,-3.7,111.8,5.1,-8.8,91.8,-2.1,0.274,-0.01,0.519,-0.022,0.0,0.0,0,0
360.0,Philadelphia 76ers,2014.0,-11.6,23.4,19.0,63.0,-10.7,99.4,-7.3,109.9,3.2,-10.5,99.2,5.3,0.268,-0.016,0.51,-0.031,0.0,0.0,0,0
361.0,San Antonio Spurs,2013.0,12.3,28.6,58.0,24.0,6.7,108.3,2.4,101.6,-4.3,6.7,94.2,2.2,0.258,-0.012,0.568,0.033,15.0,6.0,1,0
362.0,Miami Heat,2013.0,12.1,30.3,66.0,16.0,7.0,112.3,6.4,103.7,-2.2,8.6,90.7,-1.3,0.297,0.027,0.588,0.053,16.0,7.0,1,1
363.0,Oklahoma City Thunder,2013.0,9.7,26.0,60.0,22.0,9.2,112.4,6.5,102.6,-3.3,9.8,93.3,1.3,0.338,0.068,0.58,0.045,5.0,6.0,1,0
364.0,Memphis Grizzlies,2013.0,8.7,27.0,56.0,26.0,4.3,104.9,-1.0,100.3,-5.6,4.6,88.4,-3.6,0.261,-0.009,0.514,-0.021,8.0,7.0,1,0
365.0,New York Knicks,2013.0,5.7,30.2,54.0,28.0,3.7,111.1,5.2,106.3,0.4,4.8,89.8,-2.2,0.258,-0.012,0.55,0.015,6.0,6.0,1,0
366.0,Indiana Pacers,2013.0,5.6,25.7,49.0,32.0,3.3,104.3,-1.6,99.8,-6.1,4.5,90.2,-1.8,0.293,0.023,0.521,-0.014,11.0,8.0,1,0
367.0,Los Angeles Clippers,2013.0,4.8,28.8,56.0,26.0,6.4,110.6,4.7,103.6,-2.3,7.0,91.1,-0.9,0.286,0.016,0.557,0.022,2.0,4.0,1,0
368.0,Golden State Warriors,2013.0,4.4,25.3,47.0,35.0,1.3,106.4,0.5,105.5,-0.4,0.9,94.5,2.5,0.255,-0.015,0.545,0.01,6.0,6.0,1,0
369.0,Denver Nuggets,2013.0,3.7,26.1,57.0,25.0,5.4,110.4,4.5,105.1,-0.8,5.3,95.1,3.1,0.308,0.038,0.549,0.014,2.0,4.0,1,0
370.0,Houston Rockets,2013.0,3.5,24.4,45.0,37.0,3.7,109.7,3.8,106.1,0.2,3.6,96.1,4.1,0.308,0.038,0.564,0.029,2.0,4.0,1,0
372.0,Utah Jazz,2013.0,0.4,26.3,43.0,39.0,0.3,106.7,0.8,106.8,0.9,-0.1,90.9,-1.1,0.281,0.011,0.533,-0.002,0.0,0.0,0,0
373.0,Chicago Bulls,2013.0,-0.1,28.0,45.0,37.0,0.0,103.5,-2.4,103.2,-2.7,0.3,89.3,-2.7,0.259,-0.011,0.512,-0.023,5.0,7.0,1,0
374.0,Dallas Mavericks,2013.0,-0.2,29.5,41.0,41.0,-0.2,105.9,0.0,106.5,0.6,-0.6,94.1,2.1,0.242,-0.028,0.544,0.009,0.0,0.0,0,0
375.0,Atlanta Hawks,2013.0,-0.7,27.1,44.0,38.0,-0.1,104.8,-1.1,104.4,-1.5,0.4,92.6,0.6,0.244,-0.026,0.546,0.011,2.0,4.0,1,0
376.0,Boston Celtics,2013.0,-1.2,29.1,41.0,40.0,-0.6,103.1,-2.8,103.3,-2.6,-0.2,91.7,-0.3,0.263,-0.007,0.542,0.007,2.0,4.0,1,0
377.0,Minnesota Timberwolves,2013.0,-2.2,26.4,31.0,51.0,-1.8,102.9,-3.0,105.4,-0.5,-2.5,92.8,0.8,0.305,0.035,0.516,-0.019,0.0,0.0,0,0
378.0,Toronto Raptors,2013.0,-2.2,25.4,34.0,48.0,-2.0,105.9,0.0,107.5,1.6,-1.6,90.4,-1.6,0.274,0.004,0.532,-0.003,0.0,0.0,0,0
379.0,Los Angeles Lakers,2013.0,-2.4,30.7,45.0,37.0,1.5,107.8,1.9,106.6,0.7,1.2,94.4,2.4,0.345,0.075,0.548,0.013,0.0,4.0,1,0
380.0,Portland Trail Blazers,2013.0,-2.8,24.4,33.0,49.0,-2.5,105.8,-0.1,109.2,3.3,-3.4,91.4,-0.6,0.25,-0.02,0.536,0.001,0.0,0.0,0,0
381.0,Washington Wizards,2013.0,-3.3,25.4,29.0,53.0,-2.8,100.2,-5.7,103.0,-2.9,-2.8,92.2,0.2,0.261,-0.009,0.512,-0.023,0.0,0.0,0,0
383.0,Philadelphia 76ers,2013.0,-3.8,25.2,34.0,48.0,-3.5,102.0,-3.9,105.7,-0.2,-3.7,91.0,-1.0,0.2,-0.07,0.509,-0.026,0.0,0.0,0,0
384.0,Milwaukee Bucks,2013.0,-4.5,26.4,38.0,44.0,-1.8,103.6,-2.3,105.2,-0.7,-1.6,94.7,2.7,0.236,-0.034,0.51,-0.025,0.0,4.0,1,0
385.0,Detroit Pistons,2013.0,-4.8,25.3,29.0,53.0,-4.3,103.8,-2.1,108.1,2.2,-4.3,90.8,-1.2,0.282,0.012,0.521,-0.014,0.0,0.0,0,0
386.0,Sacramento Kings,2013.0,-4.8,25.6,28.0,54.0,-4.3,106.2,0.3,111.4,5.5,-5.2,93.6,1.6,0.271,0.001,0.532,-0.003,0.0,0.0,0,0
387.0,Cleveland Cavaliers,2013.0,-5.6,24.1,24.0,58.0,-4.9,104.3,-1.6,109.4,3.5,-5.1,92.3,0.3,0.265,-0.005,0.514,-0.021,0.0,0.0,0,0
388.0,Phoenix Suns,2013.0,-6.4,26.9,25.0,57.0,-5.8,101.2,-4.7,108.1,2.2,-6.9,93.4,1.4,0.234,-0.036,0.512,-0.023,0.0,0.0,0,0
389.0,Orlando Magic,2013.0,-8.0,24.6,20.0,62.0,-7.1,101.6,-4.3,109.1,3.2,-7.5,92.2,0.2,0.197,-0.073,0.514,-0.021,0.0,0.0,0,0
391.0,Miami Heat,2012.0,12.0,28.3,46.0,20.0,5.7,106.6,2.0,100.2,-4.4,6.4,91.2,-0.1,0.307,0.031,0.549,0.022,16.0,7.0,1,1
392.0,San Antonio Spurs,2012.0,11.9,27.5,50.0,16.0,7.3,110.9,6.3,103.2,-1.4,7.7,92.9,1.6,0.261,-0.015,0.562,0.035,10.0,4.0,1,0
393.0,Oklahoma City Thunder,2012.0,10.5,25.1,47.0,19.0,6.4,109.8,5.2,103.2,-1.4,6.6,93.0,1.7,0.334,0.058,0.567,0.04,13.0,7.0,1,0
394.0,Chicago Bulls,2012.0,6.6,27.1,50.0,16.0,7.4,107.4,2.8,98.3,-6.3,9.1,89.1,-2.2,0.255,-0.021,0.523,-0.004,2.0,4.0,1,0
395.0,Boston Celtics,2012.0,5.9,29.3,39.0,27.0,2.3,101.0,-3.6,98.2,-6.4,2.8,90.4,-0.9,0.257,-0.019,0.535,0.008,11.0,9.0,1,0
396.0,Indiana Pacers,2012.0,5.2,26.3,42.0,24.0,2.6,106.7,2.1,103.1,-1.5,3.6,90.7,-0.6,0.321,0.045,0.526,-0.001,6.0,5.0,1,0
397.0,Philadelphia 76ers,2012.0,4.9,24.9,35.0,31.0,3.6,103.9,-0.7,99.2,-5.4,4.7,89.7,-1.6,0.217,-0.059,0.511,-0.016,7.0,6.0,1,0
398.0,Denver Nuggets,2012.0,3.3,26.6,38.0,28.0,3.2,109.2,4.6,106.2,1.6,3.0,94.2,2.9,0.326,0.05,0.556,0.029,3.0,4.0,1,0
399.0,Memphis Grizzlies,2012.0,3.2,25.6,41.0,25.0,2.4,104.0,-0.6,101.8,-2.8,2.2,90.8,-0.5,0.277,0.001,0.515,-0.012,3.0,4.0,1,0
400.0,Los Angeles Clippers,2012.0,2.7,27.3,40.0,26.0,2.8,108.5,3.9,105.7,1.1,2.8,89.2,-2.1,0.287,0.011,0.533,0.006,4.0,7.0,1,0
401.0,Los Angeles Lakers,2012.0,2.7,29.7,41.0,25.0,2.0,106.0,1.4,104.4,-0.2,1.6,90.5,-0.8,0.299,0.023,0.534,0.007,5.0,7.0,1,0
402.0,Atlanta Hawks,2012.0,1.4,27.9,40.0,26.0,2.7,104.9,0.3,101.2,-3.4,3.7,90.2,-1.1,0.259,-0.017,0.535,0.008,2.0,4.0,1,0
403.0,Houston Rockets,2012.0,0.7,26.2,34.0,32.0,0.6,105.5,0.9,105.2,0.6,0.3,91.7,0.4,0.235,-0.041,0.529,0.002,0.0,0.0,0,0
404.0,Dallas Mavericks,2012.0,0.4,31.3,36.0,30.0,1.8,103.3,-1.3,102.3,-2.3,1.0,91.4,0.1,0.246,-0.03,0.527,0.0,0.0,4.0,1,0
405.0,Phoenix Suns,2012.0,0.3,28.9,33.0,33.0,0.3,106.2,1.6,106.5,1.9,-0.3,92.6,1.3,0.257,-0.019,0.536,0.009,0.0,0.0,0,0
406.0,Milwaukee Bucks,2012.0,-0.3,26.2,31.0,35.0,-0.2,105.5,0.9,105.2,0.6,0.3,93.7,2.4,0.25,-0.026,0.521,-0.006,0.0,0.0,0,0
407.0,Portland Trail Blazers,2012.0,-0.5,27.5,28.0,38.0,-0.2,105.7,1.1,106.4,1.8,-0.7,91.2,-0.1,0.263,-0.013,0.531,0.004,0.0,0.0,0,0
408.0,New York Knicks,2012.0,-1.2,26.3,36.0,30.0,2.4,104.4,-0.2,101.0,-3.6,3.4,93.2,1.9,0.306,0.03,0.533,0.006,1.0,4.0,1,0
409.0,Minnesota Timberwolves,2012.0,-2.2,24.4,26.0,40.0,-1.8,104.3,-0.3,106.6,2.0,-2.3,93.3,2.0,0.306,0.03,0.524,-0.003,0.0,0.0,0,0
410.0,Utah Jazz,2012.0,-2.2,25.6,36.0,30.0,0.9,106.8,2.2,106.1,1.5,0.7,91.4,0.1,0.302,0.026,0.525,-0.002,0.0,4.0,1,0
411.0,Orlando Magic,2012.0,-2.4,27.5,37.0,29.0,0.5,105.0,0.4,104.1,-0.5,0.9,89.0,-2.3,0.292,0.016,0.533,0.006,1.0,4.0,1,0
412.0,Golden State Warriors,2012.0,-3.3,25.3,23.0,43.0,-2.8,105.4,0.8,109.1,4.5,-3.7,92.3,1.0,0.227,-0.049,0.539,0.012,0.0,0.0,0,0
414.0,Toronto Raptors,2012.0,-4.2,25.7,23.0,43.0,-3.7,100.8,-3.8,104.5,-0.1,-3.7,89.3,-2.0,0.274,-0.002,0.518,-0.009,0.0,0.0,0,0
415.0,Sacramento Kings,2012.0,-5.5,24.3,22.0,44.0,-5.0,103.8,-0.8,109.8,5.2,-6.0,94.7,3.4,0.268,-0.008,0.51,-0.017,0.0,0.0,0,0
416.0,Detroit Pistons,2012.0,-5.6,26.3,25.0,41.0,-5.2,101.0,-3.6,106.3,1.7,-5.3,89.2,-2.1,0.279,0.003,0.51,-0.017,0.0,0.0,0,0
417.0,Washington Wizards,2012.0,-5.8,24.2,20.0,46.0,-5.1,101.0,-3.6,106.2,1.6,-5.2,92.5,1.2,0.253,-0.023,0.508,-0.019,0.0,0.0,0,0
419.0,Cleveland Cavaliers,2012.0,-7.9,26.0,21.0,45.0,-7.3,101.1,-3.5,108.9,4.3,-7.8,91.3,0.0,0.307,0.031,0.505,-0.022,0.0,0.0,0,0
421.0,Dallas Mavericks,2011.0,11.6,30.9,57.0,25.0,4.4,109.7,2.4,105.0,-2.3,4.7,91.3,-0.8,0.286,-0.014,0.565,0.024,16.0,5.0,1,1
422.0,Miami Heat,2011.0,9.6,29.0,58.0,24.0,6.8,111.7,4.4,103.5,-3.8,8.2,90.9,-1.2,0.363,0.063,0.573,0.032,14.0,7.0,1,0
423.0,Chicago Bulls,2011.0,8.7,26.4,62.0,20.0,6.5,108.3,1.0,100.3,-7.0,8.0,90.4,-1.7,0.305,0.005,0.541,0.0,9.0,7.0,1,0
424.0,Oklahoma City Thunder,2011.0,7.0,23.7,55.0,27.0,3.8,111.2,3.9,107.2,-0.1,4.0,92.7,0.6,0.363,0.063,0.561,0.02,9.0,8.0,1,0
425.0,Boston Celtics,2011.0,6.0,29.5,56.0,26.0,4.8,106.2,-1.1,100.3,-7.0,5.9,90.4,-1.7,0.305,0.005,0.561,0.02,5.0,4.0,1,0
426.0,Los Angeles Lakers,2011.0,5.4,30.2,57.0,25.0,6.0,111.0,3.7,104.3,-3.0,6.7,90.7,-1.4,0.293,-0.007,0.545,0.004,4.0,6.0,1,0
427.0,Memphis Grizzlies,2011.0,5.0,25.2,46.0,36.0,2.6,107.6,0.3,105.1,-2.2,2.5,91.9,-0.2,0.291,-0.009,0.534,-0.007,7.0,6.0,1,0
428.0,San Antonio Spurs,2011.0,4.8,28.8,61.0,21.0,5.9,111.8,4.5,105.6,-1.7,6.2,92.3,0.2,0.299,-0.001,0.567,0.026,2.0,4.0,1,0
429.0,Orlando Magic,2011.0,4.2,27.6,52.0,30.0,4.9,107.9,0.6,102.0,-5.3,5.9,91.2,-0.9,0.328,0.028,0.554,0.013,2.0,4.0,1,0
430.0,Denver Nuggets,2011.0,3.1,27.3,50.0,32.0,4.8,112.3,5.0,107.3,0.0,5.0,95.6,3.5,0.367,0.067,0.574,0.033,1.0,4.0,1,0
431.0,Houston Rockets,2011.0,2.5,26.5,43.0,39.0,2.4,111.3,4.0,109.0,1.7,2.3,94.2,2.1,0.299,-0.001,0.55,0.009,0.0,0.0,0,0
432.0,Portland Trail Blazers,2011.0,1.0,26.7,48.0,34.0,1.9,108.8,1.5,107.1,-0.2,1.7,87.9,-4.2,0.278,-0.022,0.533,-0.008,2.0,4.0,1,0
433.0,Atlanta Hawks,2011.0,0.9,27.4,44.0,38.0,-1.1,106.1,-1.2,107.0,-0.3,-0.9,89.3,-2.8,0.269,-0.031,0.542,0.001,6.0,6.0,1,0
435.0,Philadelphia 76ers,2011.0,-0.2,24.7,41.0,41.0,1.0,106.6,-0.7,105.0,-2.3,1.6,91.7,-0.4,0.273,-0.027,0.535,-0.006,1.0,4.0,1,0
436.0,Phoenix Suns,2011.0,-0.5,29.6,40.0,42.0,-0.5,109.5,2.2,110.4,3.1,-0.9,94.4,2.3,0.283,-0.017,0.559,0.018,0.0,0.0,0,0
437.0,Milwaukee Bucks,2011.0,-1.2,26.7,35.0,47.0,-1.0,101.6,-5.7,102.5,-4.8,-0.9,89.8,-2.3,0.287,-0.013,0.511,-0.03,0.0,0.0,0,0
438.0,New York Knicks,2011.0,-1.5,25.3,42.0,40.0,0.5,110.9,3.6,110.1,2.8,0.8,95.6,3.5,0.304,0.004,0.561,0.02,0.0,4.0,1,0
439.0,Utah Jazz,2011.0,-1.5,26.8,39.0,43.0,-1.4,108.1,0.8,110.1,2.8,-2.0,91.0,-1.1,0.313,0.013,0.544,0.003,0.0,0.0,0,0
440.0,Golden State Warriors,2011.0,-2.2,25.2,36.0,46.0,-2.0,108.2,0.9,110.7,3.4,-2.5,94.8,2.7,0.241,-0.059,0.544,0.003,0.0,0.0,0,0
441.0,Indiana Pacers,2011.0,-2.2,25.9,37.0,45.0,-1.4,104.8,-2.5,106.0,-1.3,-1.2,94.7,2.6,0.3,0.0,0.533,-0.008,1.0,4.0,1,0
442.0,Los Angeles Clippers,2011.0,-3.1,24.6,32.0,50.0,-2.7,105.3,-2.0,108.7,1.4,-3.4,92.8,0.7,0.332,0.032,0.535,-0.006,0.0,0.0,0,0
443.0,Detroit Pistons,2011.0,-4.2,27.2,30.0,52.0,-3.8,107.7,0.4,111.7,4.4,-4.0,89.2,-2.9,0.279,-0.021,0.533,-0.008,0.0,0.0,0,0
445.0,Sacramento Kings,2011.0,-5.5,24.8,24.0,58.0,-4.8,103.5,-3.8,109.0,1.7,-5.5,95.2,3.1,0.284,-0.016,0.519,-0.022,0.0,0.0,0,0
446.0,Minnesota Timberwolves,2011.0,-7.0,23.8,17.0,65.0,-6.0,104.2,-3.1,111.1,3.8,-6.9,96.5,4.4,0.282,-0.018,0.526,-0.015,0.0,0.0,0,0
448.0,Toronto Raptors,2011.0,-7.1,24.5,22.0,60.0,-6.3,106.1,-1.2,112.9,5.6,-6.8,92.9,0.8,0.293,-0.007,0.533,-0.008,0.0,0.0,0,0
449.0,Washington Wizards,2011.0,-8.0,24.9,23.0,59.0,-7.3,102.4,-4.9,110.2,2.9,-7.8,93.8,1.7,0.29,-0.01,0.513,-0.028,0.0,0.0,0,0
450.0,Cleveland Cavaliers,2011.0,-9.8,26.6,19.0,63.0,-8.9,102.2,-5.1,111.8,4.5,-9.6,93.0,0.9,0.312,0.012,0.518,-0.023,0.0,0.0,0,0
452.0,Los Angeles Lakers,2010.0,9.8,28.4,57.0,25.0,4.8,108.8,1.2,103.7,-3.9,5.1,92.8,0.1,0.289,-0.011,0.538,-0.005,16.0,7.0,1,1
453.0,Phoenix Suns,2010.0,9.8,28.5,54.0,28.0,4.7,115.3,7.7,110.2,2.6,5.1,95.3,2.6,0.312,0.012,0.585,0.042,10.0,6.0,1,0
454.0,Boston Celtics,2010.0,8.5,29.4,50.0,32.0,3.4,107.7,0.1,103.8,-3.8,3.9,91.6,-1.1,0.332,0.032,0.564,0.021,15.0,9.0,1,0
455.0,Cleveland Cavaliers,2010.0,7.1,28.0,61.0,21.0,6.2,111.2,3.6,104.1,-3.5,7.1,91.4,-1.3,0.341,0.041,0.57,0.027,6.0,5.0,1,0
456.0,Utah Jazz,2010.0,4.9,25.6,53.0,29.0,5.3,110.7,3.1,105.0,-2.6,5.7,93.8,1.1,0.34,0.04,0.565,0.022,4.0,6.0,1,0
457.0,Denver Nuggets,2010.0,4.4,27.7,53.0,29.0,4.2,111.8,4.2,107.5,-0.1,4.3,94.8,2.1,0.376,0.076,0.561,0.018,2.0,4.0,1,0
458.0,San Antonio Spurs,2010.0,4.1,28.7,50.0,32.0,5.1,110.0,2.4,104.5,-3.1,5.5,91.7,-1.0,0.296,-0.004,0.552,0.009,4.0,6.0,1,0
459.0,Oklahoma City Thunder,2010.0,3.6,23.2,50.0,32.0,3.6,108.3,0.7,104.6,-3.0,3.7,93.1,0.4,0.333,0.033,0.547,0.004,2.0,4.0,1,0
460.0,Dallas Mavericks,2010.0,3.5,30.7,55.0,27.0,2.7,109.2,1.6,106.3,-1.3,2.9,92.5,-0.2,0.277,-0.023,0.552,0.009,2.0,4.0,1,0
461.0,Atlanta Hawks,2010.0,2.8,26.5,53.0,29.0,4.4,111.9,4.3,106.7,-0.9,5.2,90.1,-2.6,0.281,-0.019,0.545,0.002,4.0,7.0,1,0
462.0,Milwaukee Bucks,2010.0,1.3,26.4,46.0,36.0,1.4,104.9,-2.7,103.1,-4.5,1.8,91.7,-1.0,0.239,-0.061,0.518,-0.025,3.0,4.0,1,0
463.0,Portland Trail Blazers,2010.0,0.8,26.6,50.0,32.0,3.2,110.8,3.2,107.1,-0.5,3.7,87.7,-5.0,0.315,0.015,0.547,0.004,2.0,4.0,1,0
464.0,Houston Rockets,2010.0,0.1,26.0,42.0,40.0,0.0,107.6,0.0,108.0,0.4,-0.4,94.0,1.3,0.292,-0.008,0.537,-0.006,0.0,0.0,0,0
465.0,Miami Heat,2010.0,-0.2,27.1,47.0,35.0,2.0,106.6,-1.0,104.1,-3.5,2.5,89.6,-3.1,0.296,-0.004,0.537,-0.006,1.0,4.0,1,0
467.0,Memphis Grizzlies,2010.0,-1.4,24.1,40.0,42.0,-1.4,108.3,0.7,109.9,2.3,-1.6,93.6,0.9,0.32,0.02,0.536,-0.007,0.0,0.0,0,0
468.0,Toronto Raptors,2010.0,-1.8,25.2,40.0,42.0,-1.8,111.3,3.7,113.2,5.6,-1.9,93.1,0.4,0.319,0.019,0.564,0.021,0.0,0.0,0,0
470.0,Chicago Bulls,2010.0,-2.7,26.2,41.0,41.0,-1.6,103.5,-4.1,105.3,-2.3,-1.8,93.1,0.4,0.287,-0.013,0.52,-0.023,1.0,4.0,1,0
471.0,Indiana Pacers,2010.0,-3.5,26.6,32.0,50.0,-3.1,103.7,-3.9,106.8,-0.8,-3.1,97.1,4.4,0.296,-0.004,0.536,-0.007,0.0,0.0,0,0
472.0,Golden State Warriors,2010.0,-3.9,25.1,26.0,56.0,-3.3,108.1,0.5,111.7,4.1,-3.6,100.4,7.7,0.294,-0.006,0.557,0.014,0.0,0.0,0,0
473.0,New York Knicks,2010.0,-4.5,25.4,29.0,53.0,-4.0,107.6,0.0,111.6,4.0,-4.0,94.0,1.3,0.256,-0.044,0.547,0.004,0.0,0.0,0,0
474.0,Philadelphia 76ers,2010.0,-4.5,25.4,27.0,55.0,-3.9,106.1,-1.5,110.3,2.7,-4.2,91.6,-1.1,0.27,-0.03,0.534,-0.009,0.0,0.0,0,0
475.0,Sacramento Kings,2010.0,-4.7,24.1,25.0,57.0,-4.1,105.3,-2.3,109.9,2.3,-4.6,94.0,1.3,0.286,-0.014,0.528,-0.015,0.0,0.0,0,0
476.0,Washington Wizards,2010.0,-5.3,27.6,26.0,56.0,-4.7,104.2,-3.4,109.4,1.8,-5.2,91.6,-1.1,0.283,-0.017,0.524,-0.019,0.0,0.0,0,0
477.0,Detroit Pistons,2010.0,-5.6,26.7,27.0,55.0,-5.0,105.6,-2.0,111.4,3.8,-5.8,88.5,-4.2,0.303,0.003,0.515,-0.028,0.0,0.0,0,0
478.0,Los Angeles Clippers,2010.0,-6.5,27.3,29.0,53.0,-6.0,103.3,-4.3,110.1,2.5,-6.8,92.6,-0.1,0.283,-0.017,0.529,-0.014,0.0,0.0,0,0
479.0,Minnesota Timberwolves,2010.0,-10.1,24.1,15.0,67.0,-9.1,101.7,-5.9,111.6,4.0,-9.9,96.1,3.4,0.278,-0.022,0.518,-0.025,0.0,0.0,0,0
481.0,Cleveland Cavaliers,2009.0,14.3,26.6,66.0,16.0,8.7,112.4,4.1,102.4,-5.9,10.0,88.7,-3.0,0.312,0.006,0.56,0.016,10.0,4.0,1,0
482.0,Los Angeles Lakers,2009.0,13.1,27.4,65.0,17.0,7.1,112.8,4.5,104.7,-3.6,8.1,94.3,2.6,0.299,-0.007,0.555,0.011,16.0,7.0,1,1
483.0,Denver Nuggets,2009.0,11.3,27.7,54.0,28.0,3.1,110.4,2.1,106.8,-1.5,3.6,94.3,2.6,0.382,0.076,0.563,0.019,10.0,6.0,1,0
484.0,Orlando Magic,2009.0,9.6,27.3,59.0,23.0,6.5,109.2,0.9,101.9,-6.4,7.3,92.3,0.6,0.351,0.045,0.559,0.015,13.0,11.0,1,0
485.0,Boston Celtics,2009.0,6.9,27.8,62.0,20.0,7.4,110.5,2.2,102.3,-6.0,8.2,90.4,-1.3,0.328,0.022,0.571,0.027,7.0,7.0,1,0
486.0,Houston Rockets,2009.0,6.0,27.9,53.0,29.0,3.7,108.4,0.1,104.0,-4.3,4.4,90.2,-1.5,0.292,-0.014,0.548,0.004,7.0,6.0,1,0
487.0,Portland Trail Blazers,2009.0,3.5,24.0,54.0,28.0,5.0,113.9,5.6,107.8,-0.5,6.1,86.6,-5.1,0.306,0.0,0.553,0.009,2.0,4.0,1,0
488.0,Dallas Mavericks,2009.0,2.4,29.0,50.0,32.0,1.7,110.5,2.2,108.4,0.1,2.1,91.5,-0.2,0.274,-0.032,0.55,0.006,5.0,5.0,1,0
489.0,Phoenix Suns,2009.0,1.9,29.5,46.0,36.0,1.6,113.6,5.3,111.6,3.3,2.0,96.0,4.3,0.336,0.03,0.584,0.04,0.0,0.0,0,0
490.0,Miami Heat,2009.0,1.2,25.6,43.0,39.0,0.5,107.8,-0.5,107.6,-0.7,0.2,89.9,-1.8,0.282,-0.024,0.54,-0.004,3.0,4.0,1,0
491.0,San Antonio Spurs,2009.0,1.2,30.4,54.0,28.0,3.4,108.5,0.2,104.3,-4.0,4.2,88.4,-3.3,0.251,-0.055,0.548,0.004,1.0,4.0,1,0
492.0,Chicago Bulls,2009.0,0.8,24.9,41.0,41.0,-0.2,108.4,0.1,108.7,0.4,-0.3,93.1,1.4,0.3,-0.006,0.541,-0.003,3.0,4.0,1,0
493.0,Utah Jazz,2009.0,0.8,25.5,48.0,34.0,2.3,110.1,1.8,107.3,-1.0,2.8,93.1,1.4,0.355,0.049,0.554,0.01,1.0,4.0,1,0
494.0,Atlanta Hawks,2009.0,0.5,25.8,47.0,35.0,1.7,109.3,1.0,107.6,-0.7,1.7,89.6,-2.1,0.323,0.017,0.546,0.002,4.0,7.0,1,0
495.0,Philadelphia 76ers,2009.0,-0.6,26.1,41.0,41.0,0.2,107.9,-0.4,107.8,-0.5,0.1,90.0,-1.7,0.339,0.033,0.532,-0.012,2.0,4.0,1,0
496.0,Indiana Pacers,2009.0,-0.9,26.5,36.0,46.0,-0.8,108.1,-0.2,109.2,0.9,-1.1,96.5,4.8,0.267,-0.039,0.545,0.001,0.0,0.0,0,0
497.0,Milwaukee Bucks,2009.0,-1.1,26.3,34.0,48.0,-0.9,106.7,-1.6,107.9,-0.4,-1.2,92.6,0.9,0.306,0.0,0.531,-0.013,0.0,0.0,0,0
500.0,New York Knicks,2009.0,-2.7,25.7,32.0,50.0,-2.3,108.1,-0.2,110.8,2.5,-2.7,96.7,5.0,0.268,-0.038,0.544,0.0,0.0,0.0,0,0
501.0,Toronto Raptors,2009.0,-2.9,27.0,33.0,49.0,-2.5,107.0,-1.3,110.0,1.7,-3.0,92.0,0.3,0.279,-0.027,0.542,-0.002,0.0,0.0,0,0
502.0,Detroit Pistons,2009.0,-3.4,28.2,39.0,43.0,-0.4,107.4,-0.9,108.0,-0.3,-0.6,86.7,-5.0,0.282,-0.024,0.524,-0.02,0.0,4.0,1,0
503.0,Golden State Warriors,2009.0,-4.3,25.0,29.0,53.0,-3.8,109.5,1.2,113.3,5.0,-3.8,98.2,6.5,0.339,0.033,0.549,0.005,0.0,0.0,0,0
505.0,Minnesota Timberwolves,2009.0,-5.4,25.4,24.0,58.0,-4.7,106.1,-2.2,111.4,3.1,-5.3,91.6,-0.1,0.289,-0.017,0.526,-0.018,0.0,0.0,0,0
506.0,Memphis Grizzlies,2009.0,-5.9,23.3,24.0,58.0,-5.2,103.5,-4.8,109.5,1.2,-6.0,90.1,-1.6,0.329,0.023,0.533,-0.011,0.0,0.0,0,0
507.0,Oklahoma City Thunder,2009.0,-6.8,24.5,23.0,59.0,-6.0,102.9,-5.4,109.4,1.1,-6.5,93.6,1.9,0.308,0.002,0.521,-0.023,0.0,0.0,0,0
508.0,Washington Wizards,2009.0,-7.9,26.9,19.0,63.0,-7.0,105.4,-2.9,113.6,5.3,-8.2,91.0,-0.7,0.293,-0.013,0.524,-0.02,0.0,0.0,0,0
509.0,Los Angeles Clippers,2009.0,-9.4,26.6,19.0,63.0,-8.5,102.3,-6.0,111.7,3.4,-9.4,92.1,0.4,0.275,-0.031,0.52,-0.024,0.0,0.0,0,0
510.0,Sacramento Kings,2009.0,-9.6,26.3,17.0,65.0,-8.6,105.5,-2.8,114.7,6.4,-9.2,94.2,2.5,0.315,0.009,0.542,-0.002,0.0,0.0,0,0
511.0,Boston Celtics,2008.0,11.8,27.9,66.0,16.0,9.3,110.2,2.7,98.9,-8.6,11.3,90.9,-1.5,0.346,0.04,0.569,0.029,16.0,10.0,1,1
512.0,Los Angeles Lakers,2008.0,10.9,26.7,57.0,25.0,7.3,113.0,5.5,105.5,-2.0,7.5,95.6,3.2,0.333,0.027,0.57,0.03,14.0,7.0,1,0
513.0,Detroit Pistons,2008.0,9.5,28.3,59.0,23.0,6.7,111.4,3.9,102.9,-4.6,8.5,87.3,-5.1,0.3,-0.006,0.539,-0.001,10.0,7.0,1,0
515.0,Utah Jazz,2008.0,8.3,25.3,54.0,28.0,6.9,113.8,6.3,106.5,-1.0,7.3,93.2,0.8,0.349,0.043,0.573,0.033,6.0,6.0,1,0
516.0,San Antonio Spurs,2008.0,7.1,31.4,56.0,26.0,5.1,107.2,-0.3,101.8,-5.7,5.4,88.8,-3.6,0.276,-0.03,0.543,0.003,9.0,8.0,1,0
517.0,Orlando Magic,2008.0,5.9,26.7,52.0,30.0,4.8,111.3,3.8,105.5,-2.0,5.8,93.4,1.0,0.355,0.049,0.575,0.035,5.0,5.0,1,0
518.0,Cleveland Cavaliers,2008.0,5.7,27.1,45.0,37.0,-0.5,106.0,-1.5,106.4,-1.1,-0.4,90.2,-2.2,0.308,0.002,0.52,-0.02,7.0,6.0,1,0
519.0,Houston Rockets,2008.0,5.0,28.3,55.0,27.0,4.8,106.8,-0.7,101.6,-5.9,5.2,90.4,-2.0,0.276,-0.03,0.528,-0.012,2.0,4.0,1,0
520.0,Phoenix Suns,2008.0,4.7,29.3,55.0,27.0,5.1,113.3,5.8,108.1,0.6,5.2,96.7,4.3,0.292,-0.014,0.59,0.05,1.0,4.0,1,0
521.0,Golden State Warriors,2008.0,2.7,25.5,48.0,34.0,2.4,111.8,4.3,109.5,2.0,2.3,98.8,6.4,0.276,-0.03,0.548,0.008,0.0,0.0,0,0
522.0,Dallas Mavericks,2008.0,2.2,28.9,51.0,31.0,4.7,111.1,3.6,106.1,-1.4,5.0,90.2,-2.2,0.318,0.012,0.554,0.014,1.0,4.0,1,0
523.0,Toronto Raptors,2008.0,1.3,26.3,41.0,41.0,2.5,110.2,2.7,107.0,-0.5,3.2,90.2,-2.2,0.247,-0.059,0.551,0.011,1.0,4.0,1,0
524.0,Denver Nuggets,2008.0,1.1,28.5,50.0,32.0,3.7,110.0,2.5,106.3,-1.2,3.7,99.7,7.3,0.358,0.052,0.557,0.017,0.0,4.0,1,0
525.0,Philadelphia 76ers,2008.0,-0.4,25.3,40.0,42.0,0.2,106.4,-1.1,106.0,-1.5,0.4,90.4,-2.0,0.321,0.015,0.522,-0.018,2.0,4.0,1,0
526.0,Portland Trail Blazers,2008.0,-0.5,24.1,41.0,41.0,-0.5,107.3,-0.2,108.4,0.9,-1.1,87.9,-4.5,0.281,-0.025,0.532,-0.008,0.0,0.0,0,0
527.0,Washington Wizards,2008.0,-1.6,27.2,43.0,39.0,-0.6,109.2,1.7,109.6,2.1,-0.4,89.5,-2.9,0.297,-0.009,0.535,-0.005,2.0,4.0,1,0
528.0,Sacramento Kings,2008.0,-2.0,27.3,38.0,44.0,-1.9,107.5,0.0,109.9,2.4,-2.4,94.7,2.3,0.346,0.04,0.556,0.016,0.0,0.0,0,0
529.0,Indiana Pacers,2008.0,-2.1,26.7,36.0,46.0,-1.9,106.0,-1.5,107.5,0.0,-1.5,97.7,5.3,0.292,-0.014,0.54,0.0,0.0,0.0,0,0
530.0,Atlanta Hawks,2008.0,-2.9,24.2,37.0,45.0,-2.2,106.9,-0.6,108.9,1.4,-2.0,91.1,-1.3,0.34,0.034,0.535,-0.005,3.0,4.0,1,0
531.0,Chicago Bulls,2008.0,-3.5,25.7,33.0,49.0,-3.2,103.9,-3.6,107.2,-0.3,-3.3,93.0,0.6,0.296,-0.01,0.515,-0.025,0.0,0.0,0,0
534.0,Memphis Grizzlies,2008.0,-6.5,24.5,22.0,60.0,-5.8,105.0,-2.5,111.4,3.9,-6.4,95.3,2.9,0.311,0.005,0.539,-0.001,0.0,0.0,0,0
535.0,Minnesota Timberwolves,2008.0,-7.0,24.6,22.0,60.0,-6.3,103.8,-3.7,111.2,3.7,-7.4,91.9,-0.5,0.248,-0.058,0.518,-0.022,0.0,0.0,0,0
536.0,Los Angeles Clippers,2008.0,-7.3,28.5,23.0,59.0,-6.6,101.2,-6.3,109.1,1.6,-7.9,92.1,-0.3,0.338,0.032,0.519,-0.021,0.0,0.0,0,0
537.0,New York Knicks,2008.0,-7.3,25.7,23.0,59.0,-6.6,104.7,-2.8,111.9,4.4,-7.2,91.6,-0.8,0.31,0.004,0.518,-0.022,0.0,0.0,0,0
538.0,Milwaukee Bucks,2008.0,-7.5,25.8,26.0,56.0,-6.9,105.3,-2.2,112.8,5.3,-7.5,91.3,-1.1,0.294,-0.012,0.522,-0.018,0.0,0.0,0,0
540.0,Miami Heat,2008.0,-9.6,27.4,15.0,67.0,-8.5,100.5,-7.0,110.0,2.5,-9.5,90.2,-2.2,0.3,-0.006,0.522,-0.018,0.0,0.0,0,0
541.0,San Antonio Spurs,2007.0,11.7,30.4,58.0,24.0,8.4,109.2,2.7,99.9,-6.6,9.3,89.8,-2.1,0.313,-0.014,0.561,0.02,16.0,4.0,1,1
542.0,Phoenix Suns,2007.0,10.3,27.6,61.0,21.0,7.3,113.9,7.4,106.4,-0.1,7.5,95.6,3.7,0.267,-0.06,0.59,0.049,6.0,5.0,1,0
543.0,Detroit Pistons,2007.0,7.6,29.0,53.0,29.0,3.7,108.9,2.4,104.2,-2.3,4.7,87.3,-4.6,0.307,-0.02,0.535,-0.006,10.0,6.0,1,0
544.0,Cleveland Cavaliers,2007.0,6.4,26.9,50.0,32.0,3.3,105.5,-1.0,101.3,-5.2,4.2,90.8,-1.1,0.32,-0.007,0.522,-0.019,12.0,8.0,1,0
545.0,Utah Jazz,2007.0,6.4,25.9,51.0,31.0,3.1,110.1,3.6,107.0,0.5,3.1,91.6,-0.3,0.38,0.053,0.551,0.01,9.0,8.0,1,0
546.0,Chicago Bulls,2007.0,5.0,26.0,49.0,33.0,4.5,104.9,-1.6,99.6,-6.9,5.3,93.6,1.7,0.313,-0.014,0.534,-0.007,6.0,4.0,1,0
547.0,Dallas Mavericks,2007.0,4.5,28.1,67.0,15.0,7.3,111.3,4.8,103.2,-3.3,8.1,89.5,-2.4,0.317,-0.01,0.559,0.018,2.0,4.0,1,0
548.0,Houston Rockets,2007.0,4.2,28.2,52.0,30.0,5.0,106.0,-0.5,100.7,-5.8,5.3,90.7,-1.2,0.292,-0.035,0.54,-0.001,3.0,4.0,1,0
549.0,Golden State Warriors,2007.0,3.6,24.6,42.0,40.0,0.0,107.0,0.5,107.4,0.9,-0.4,99.2,7.3,0.3,-0.027,0.548,0.007,5.0,6.0,1,0
601.0,Phoenix Suns,2005.0,11.4,25.2,62.0,20.0,7.1,114.5,8.4,107.1,1.0,7.4,95.9,5.0,0.296,-0.028,0.571,0.042,9.0,6.0,1,0
602.0,San Antonio Spurs,2005.0,11.3,28.5,59.0,23.0,7.8,107.5,1.4,98.8,-7.3,8.7,88.9,-2.0,0.329,0.005,0.534,0.005,16.0,7.0,1,1
603.0,Detroit Pistons,2005.0,9.1,27.9,54.0,28.0,3.3,105.6,-0.5,101.2,-4.9,4.4,87.2,-3.7,0.335,0.011,0.519,-0.01,15.0,10.0,1,0
604.0,Miami Heat,2005.0,8.4,28.0,59.0,23.0,5.8,110.2,4.1,103.1,-3.0,7.1,90.8,-0.1,0.387,0.063,0.559,0.03,11.0,4.0,1,0
605.0,Dallas Mavericks,2005.0,6.4,27.7,58.0,24.0,5.9,110.3,4.2,104.1,-2.0,6.2,92.7,1.8,0.346,0.022,0.545,0.016,6.0,7.0,1,0
607.0,Houston Rockets,2005.0,4.3,29.7,51.0,31.0,4.3,106.2,0.1,101.7,-4.4,4.5,88.8,-2.1,0.309,-0.015,0.534,0.005,3.0,4.0,1,0
608.0,Minnesota Timberwolves,2005.0,1.9,29.0,44.0,38.0,1.7,108.2,2.1,106.6,0.5,1.6,89.1,-1.8,0.275,-0.049,0.534,0.005,0.0,0.0,0,0
609.0,Sacramento Kings,2005.0,1.2,27.7,50.0,32.0,2.6,110.5,4.4,108.2,2.1,2.3,93.0,2.1,0.287,-0.037,0.541,0.012,1.0,4.0,1,0
610.0,Denver Nuggets,2005.0,0.7,26.7,49.0,33.0,2.2,106.0,-0.1,103.9,-2.2,2.1,93.5,2.6,0.35,0.026,0.535,0.006,1.0,4.0,1,0
611.0,Indiana Pacers,2005.0,0.5,28.3,44.0,38.0,0.5,105.5,-0.6,104.6,-1.5,0.9,87.2,-3.7,0.358,0.034,0.534,0.005,6.0,7.0,1,0
612.0,Boston Celtics,2005.0,0.4,27.1,45.0,37.0,0.4,107.5,1.4,106.6,0.5,0.9,93.3,2.4,0.357,0.033,0.551,0.022,3.0,4.0,1,0
613.0,Cleveland Cavaliers,2005.0,0.3,26.5,42.0,40.0,0.3,106.6,0.5,105.7,-0.4,0.9,89.7,-1.2,0.325,0.001,0.518,-0.011,0.0,0.0,0,0
614.0,Memphis Grizzlies,2005.0,0.3,26.3,45.0,37.0,2.6,105.5,-0.6,102.9,-3.2,2.6,88.5,-2.4,0.323,-0.001,0.535,0.006,0.0,4.0,1,0
615.0,Chicago Bulls,2005.0,-0.1,25.0,47.0,35.0,0.7,101.4,-4.7,100.3,-5.8,1.1,92.4,1.5,0.311,-0.013,0.517,-0.012,2.0,4.0,1,0
616.0,Washington Wizards,2005.0,-0.4,25.3,45.0,37.0,-0.7,107.2,1.1,107.5,1.4,-0.3,93.3,2.4,0.364,0.04,0.523,-0.006,4.0,6.0,1,0
617.0,Los Angeles Clippers,2005.0,-0.6,25.5,37.0,45.0,-0.5,105.5,-0.6,106.4,0.3,-0.9,89.1,-1.8,0.357,0.033,0.533,0.004,0.0,0.0,0,0
618.0,Golden State Warriors,2005.0,-2.0,26.7,34.0,48.0,-1.7,104.7,-1.4,106.9,0.8,-2.2,93.3,2.4,0.278,-0.046,0.512,-0.017,0.0,0.0,0,0
619.0,Toronto Raptors,2005.0,-2.1,27.0,33.0,49.0,-1.8,106.9,0.8,108.7,2.6,-1.8,92.7,1.8,0.316,-0.008,0.539,0.01,0.0,0.0,0,0
620.0,Los Angeles Lakers,2005.0,-2.6,26.0,34.0,48.0,-2.3,108.1,2.0,111.4,5.3,-3.3,90.8,-0.1,0.322,-0.002,0.535,0.006,0.0,0.0,0,0
621.0,Philadelphia 76ers,2005.0,-2.6,26.4,43.0,39.0,-1.1,103.5,-2.6,104.3,-1.8,-0.8,94.9,4.0,0.326,0.002,0.528,-0.001,1.0,4.0,1,0
622.0,Orlando Magic,2005.0,-2.7,26.5,36.0,46.0,-2.5,104.9,-1.2,107.3,1.2,-2.4,94.7,3.8,0.35,0.026,0.529,0.0,0.0,0.0,0,0
623.0,New York Knicks,2005.0,-3.0,27.3,33.0,49.0,-2.7,106.2,0.1,108.9,2.8,-2.7,90.7,-0.2,0.312,-0.012,0.531,0.002,0.0,0.0,0,0
624.0,Milwaukee Bucks,2005.0,-3.5,26.9,30.0,52.0,-3.1,106.6,0.5,109.8,3.7,-3.2,90.8,-0.1,0.339,0.015,0.527,-0.002,0.0,0.0,0,0
626.0,Portland Trail Blazers,2005.0,-4.0,27.0,27.0,55.0,-3.5,103.2,-2.9,107.7,1.6,-4.5,89.8,-1.1,0.303,-0.021,0.524,-0.005,0.0,0.0,0,0
627.0,Utah Jazz,2005.0,-4.3,25.7,26.0,56.0,-3.7,104.7,-1.4,109.5,3.4,-4.8,88.4,-2.5,0.361,0.037,0.522,-0.007,0.0,0.0,0,0
630.0,Atlanta Hawks,2005.0,-10.8,26.0,13.0,69.0,-9.6,100.6,-5.5,111.1,5.0,-10.5,91.4,0.5,0.299,-0.025,0.504,-0.025,0.0,0.0,0,0
