Season_ID,Team,Year,TR,Age,W,L,SRS,ORtg,rORtg,DRtg,rDRtg,NRtg,Pace,rPace,FTr,rFTr,TS,rTS,PostW,PostL,,,,,,,,,,,,
1,Oklahoma City Thunder??,2025,15.6,24.8,68,14,12.7,120.3,5.8,107.5,-7,12.8,100,1.2,0.22,-0.023,0.593,0.017,16,7,0.7,115.4,2.3,107,-6.1,8.4,12.07,98.9,3.3,0.29,0.566,0
2,Cleveland Cavaliers,2025,11.2,26.6,64,18,8.8,121.7,7.2,112.2,-2.3,9.5,99.8,1,0.241,-0.002,0.607,0.031,5,4,0.56,123.5,10.4,111.4,-1.7,12.1,13.08,96.7,1.1,0.318,0.597,0.031
3,Boston Celtics,2025,10.2,28.9,61,21,8.3,120.6,6.1,111.1,-3.4,9.5,95.7,-3.1,0.212,-0.031,0.591,0.015,6,5,0.55,114.4,1.3,108.4,-4.7,6,7.64,91.5,-4.1,0.273,0.569,0.003
4,Minnesota Timberwolves,2025,9.3,27.2,49,33,5.2,116.6,2.1,111.5,-3,5.1,97.3,-1.5,0.249,0.006,0.588,0.012,9,6,0.6,114.6,1.5,111.8,-1.3,2.8,8.7,95.1,-0.5,0.256,0.574,0.008
5,Indiana Pacers,2025,8.5,25.8,50,32,1.7,116.5,2,114.3,-0.2,2.2,99.9,1.1,0.241,-0.002,0.594,0.018,15,8,0.65,115.3,2.2,113.3,0.2,2,9.18,98,2.4,0.292,0.599,0.033
6,New York Knicks,2025,5.7,27.5,51,31,3.6,118.5,4,114.3,-0.2,4.2,96.7,-2.1,0.232,-0.011,0.589,0.013,10,8,0.56,113.3,0.2,113.3,0.2,0,3.9,95.6,0,0.3,0.559,-0.007
7,Denver Nuggets,2025,5.4,27,50,32,4,119.9,5.4,116,1.5,3.9,99.8,1,0.259,0.016,0.604,0.028,7,7,0.5,110.1,-3,115.1,2,-5,3.77,95.7,0.1,0.273,0.552,-0.014
8,Los Angeles Clippers,2025,5.2,29.7,50,32,4.8,115.1,0.6,110.3,-4.2,4.8,97.5,-1.3,0.251,0.008,0.589,0.013,3,4,0.43,115.6,2.5,115,1.9,0.6,4.57,92.3,-3.3,0.231,0.581,0.015
9,Houston Rockets,2025,5.1,24.9,52,30,5,115.3,0.8,110.8,-3.7,4.5,98.6,-0.2,0.242,-0.001,0.553,-0.023,3,4,0.43,112.1,-1,112.1,-1,0,3.56,92.8,-2.8,0.347,0.548,-0.018
10,Golden State Warriors,2025,4.3,28.6,48,34,3.6,115,0.5,111.7,-2.8,3.3,98.7,-0.1,0.244,0.001,0.568,-0.008,5,7,0.42,109.7,-3.4,112.9,-0.2,-3.2,1.85,93.9,-1.7,0.24,0.545,-0.021
11,Memphis Grizzlies,2025,1.8,24.7,48,34,4.8,117.7,3.2,113,-1.5,4.7,103.3,4.5,0.249,0.006,0.588,0.012,0,4,0,99.4,-13.7,118.7,5.6,-19.3,-6.6,101.1,5.5,0.236,0.525,-0.041
12,Detroit Pistons,2025,1.8,25.8,44,38,1.7,115,0.5,113.1,-1.4,1.9,99.8,1,0.248,0.005,0.58,0.004,2,4,0.33,109.7,-3.4,111,-2.1,-1.3,2.29,97.3,1.7,0.337,0.562,-0.004
13,Sacramento Kings,2025,0.6,27.8,40,42,0.6,116.7,2.2,116.2,1.7,0.5,98.2,-0.6,0.235,-0.008,0.582,0.006,,,,,,,,,,,,,,
14,Los Angeles Lakers,2025,0.3,27.9,50,32,1.5,115.9,1.4,114.7,0.2,1.2,97.6,-1.2,0.271,0.028,0.593,0.017,1,4,0.2,109.9,-3.2,117.6,4.5,-7.7,-2.55,91.3,-4.3,0.269,0.57,0.004
15,Milwaukee Bucks,2025,-0.1,29.3,48,34,2.1,115.9,1.4,113.4,-1.1,2.5,99.3,0.5,0.268,0.025,0.598,0.022,1,4,0.2,112.2,-0.9,119.9,6.8,-7.7,-6.02,96.2,0.6,0.255,0.564,-0.002
16,Dallas Mavericks,2025,-0.8,27.5,39,43,-0.7,114.8,0.3,116,1.5,-1.2,99.2,0.4,0.263,0.02,0.583,0.007,,,,,,,,,,,,,,
17,Atlanta Hawks,2025,-1.4,24.9,40,42,-1.4,114.6,0.1,115.7,1.2,-1.1,102.6,3.8,0.252,0.009,0.579,0.003,,,,,,,,,,,,,,
18,Chicago Bulls,2025,-1.9,25.2,39,43,-1.8,114.1,-0.4,115.6,1.1,-1.5,102.8,4,0.214,-0.029,0.585,0.009,,,,,,,,,,,,,,
19,Orlando Magic,2025,-2.5,24.9,41,41,-0.7,109.4,-5.1,109.6,-4.9,-0.2,96.1,-2.7,0.269,0.026,0.55,-0.026,1,4,0.2,103,-10.1,117.1,4,-14.1,-5.82,90.9,-4.7,0.244,0.501,-0.065
20,San Antonio Spurs,2025,-2.7,26,34,48,-2.5,114.4,-0.1,117.2,2.7,-2.8,99.3,0.5,0.234,-0.009,0.575,-0.001,,,,,,,,,,,,,,
21,Phoenix Suns,2025,-2.7,29.1,36,46,-2.6,116.2,1.7,119.3,4.8,-3.1,97.1,-1.7,0.241,-0.002,0.595,0.019,,,,,,,,,,,,,,
22,Portland Trail Blazers,2025,-2.9,23.8,36,46,-2.7,111.7,-2.8,114.7,0.2,-3,98.8,0,0.246,0.003,0.555,-0.021,,,,,,,,,,,,,,
23,Toronto Raptors,2025,-4.8,24.5,30,52,-4.4,110.5,-4,114.8,0.3,-4.3,99.7,0.9,0.232,-0.011,0.553,-0.023,,,,,,,,,,,,,,
24,Miami Heat,2025,-6,26.8,37,45,0.1,113.5,-1,112.9,-1.6,0.6,96.2,-2.6,0.232,-0.011,0.576,0,0,4,0,104.2,-8.9,137.4,24.3,-33.2,-24.39,91.7,-3.9,0.163,0.547,-0.019
25,Philadelphia 76ers,2025,-7,27.1,24,58,-6.3,111.9,-2.6,118.2,3.7,-6.3,97.4,-1.4,0.257,0.014,0.563,-0.013,,,,,,,,,,,,,,
26,Brooklyn Nets,2025,-7.6,24.7,26,56,-7,108.5,-6,115.8,1.3,-7.3,96.4,-2.4,0.24,-0.003,0.552,-0.024,,,,,,,,,,,,,,
27,New Orleans Pelicans,2025,-9.4,25.9,21,61,-8.6,110.4,-4.1,119.9,5.4,-9.5,99.1,0.3,0.244,0.001,0.552,-0.024,,,,,,,,,,,,,,
28,Utah Jazz,2025,-9.5,23.9,17,65,-8.5,111.2,-3.3,120.4,5.9,-9.2,100,1.2,0.252,0.009,0.568,-0.008,,,,,,,,,,,,,,
29,Charlotte Hornets,2025,-10,25.1,19,63,-9.1,107.3,-7.2,116.6,2.1,-9.3,97.6,-1.2,0.222,-0.021,0.537,-0.039,,,,,,,,,,,,,,
30,Washington Wizards,2025,-13.1,23.5,18,64,-12.1,106.8,-7.7,119.1,4.6,-12.3,100.9,2.1,0.229,-0.014,0.546,-0.03,,,,,,,,,,,,,,
31,Boston Celtics??,2024,14.3,28.2,64,18,10.8,123.2,8.6,111.6,-3,11.6,97.2,-1.9,0.224,-0.044,0.609,0.028,16,3,0.84,117.7,4.1,109,-4.6,8.7,10.69,91.9,-0.7,0.23,0.589,0.023
32,Minnesota Timberwolves,2024,9.7,27.2,56,26,6.4,115.6,1,109,-5.6,6.6,97.1,-2,0.27,0.002,0.594,0.013,9,7,0.56,117,3.4,112.5,-1.1,4.5,8.28,91.8,-0.8,0.285,0.576,0.01
33,Oklahoma City Thunder,2024,9.1,23.4,57,25,7.4,119.5,4.9,112.1,-2.5,7.4,99.8,0.7,0.24,-0.028,0.608,0.027,6,4,0.6,112,-1.6,105.4,-8.2,6.6,9.76,94.3,1.7,0.216,0.563,-0.003
34,Dallas Mavericks,2024,8.8,26.5,50,32,2.3,117.6,3,115.4,0.8,2.2,100.1,1,0.251,-0.017,0.592,0.011,13,9,0.59,114.7,1.1,111.9,-1.7,2.8,9.63,92.4,-0.2,0.273,0.569,0.003
35,Indiana Pacers,2024,6.4,25.3,47,35,2.8,121,6.4,118,3.4,3,101.7,2.6,0.222,-0.046,0.606,0.025,8,9,0.47,120.1,6.5,119,5.4,1.1,6.29,93.7,1.1,0.184,0.596,0.03
36,Denver Nuggets,2024,6.2,27.1,57,25,5.2,118.5,3.9,113,-1.6,5.5,96.8,-2.3,0.224,-0.044,0.589,0.008,7,5,0.58,110.6,-3,112.8,-0.8,-2.2,1.97,92.4,-0.2,0.196,0.552,-0.014
37,New York Knicks,2024,3.7,26.4,50,32,4.4,118.2,3.6,113.4,-1.2,4.8,95.2,-3.9,0.246,-0.022,0.574,-0.007,7,6,0.54,118.7,5.1,120.9,7.3,-2.2,0.44,91.9,-0.7,0.278,0.558,-0.008
38,Orlando Magic,2024,3.1,24,47,35,1.5,113.4,-1.2,111.3,-3.3,2.1,96.9,-2.2,0.287,0.019,0.577,-0.004,3,4,0.43,106,-7.6,101.3,-12.3,4.7,6.68,94.6,2,0.299,0.527,-0.039
39,Philadelphia 76ers,2024,3,28.4,47,35,2.5,116.9,2.3,113.8,-0.8,3.1,97.5,-1.6,0.264,-0.004,0.574,-0.007,2,4,0.33,116.9,3.3,117.1,3.5,-0.2,4.16,90.9,-1.7,0.296,0.574,0.008
40,Golden State Warriors,2024,3,28.4,46,36,2.8,117.8,3.2,115.2,0.6,2.6,99.2,0.1,0.219,-0.049,0.586,0.005,,,,,,,,,,,,,,
41,Sacramento Kings,2024,2.5,26.4,46,36,2.3,116.9,2.3,115.2,0.6,1.7,98.8,-0.3,0.229,-0.039,0.582,0.001,,,,,,,,,,,,,,
42,Cleveland Cavaliers,2024,2.4,26.2,48,34,2,115.2,0.6,112.7,-1.9,2.5,97.2,-1.9,0.234,-0.034,0.586,0.005,5,7,0.42,105.8,-7.8,111.8,-1.8,-6,-0.66,92.7,0.1,0.204,0.54,-0.026
43,Milwaukee Bucks,2024,1.9,30.2,49,33,2.4,118.4,3.8,115.8,1.2,2.6,99.9,0.8,0.27,0.002,0.601,0.02,2,4,0.33,116,2.4,119,5.4,-3,-0.25,93.3,0.7,0.245,0.576,0.01
44,Los Angeles Clippers,2024,1.5,30.4,51,31,3.4,118.8,4.2,115.4,0.8,3.4,97.2,-1.9,0.256,-0.012,0.599,0.018,2,4,0.33,110.3,-3.3,117.7,4.1,-7.4,-5.1,90.9,-1.7,0.264,0.547,-0.019
45,Houston Rockets,2024,1.3,25.1,41,41,1.2,114.5,-0.1,113.4,-1.2,1.1,99,-0.1,0.257,-0.011,0.565,-0.016,,,,,,,,,,,,,,
46,Los Angeles Lakers,2024,1.3,28,47,35,1.1,115.9,1.3,115.3,0.7,0.6,100.9,1.8,0.276,0.008,0.601,0.02,1,4,0.2,111.7,-1.9,114,0.4,-2.3,2.93,95.3,2.7,0.222,0.573,0.007
47,New Orleans Pelicans,2024,1,26,49,33,4.5,117.4,2.8,112.9,-1.7,4.5,97.9,-1.2,0.261,-0.007,0.591,0.01,0,4,0,94.9,-18.7,111.7,-1.9,-16.8,-9.44,94.3,1.7,0.189,0.489,-0.077
48,Phoenix Suns,2024,-0.2,29.3,49,33,3.1,117.6,3,114.6,0,3,98.3,-0.8,0.271,0.003,0.603,0.022,0,4,0,110.4,-3.2,126.4,12.8,-16,-9.61,93.5,0.9,0.37,0.586,0.02
49,Miami Heat,2024,-1.1,28,46,36,1.1,114,-0.6,112.2,-2.4,1.8,96.2,-2.9,0.257,-0.011,0.578,-0.003,1,4,0.2,101.6,-12,118.8,5.2,-17.2,-6.45,90.8,-1.8,0.148,0.533,-0.033
50,Chicago Bulls,2024,-1.8,28.1,39,43,-1.8,114.9,0.3,116.3,1.7,-1.4,96.3,-2.8,0.236,-0.032,0.568,-0.013,,,,,,,,,,,,,,
51,Atlanta Hawks,2024,-2.6,26.2,36,46,-2.4,117.2,2.6,119.4,4.8,-2.2,100.1,1,0.251,-0.017,0.576,-0.005,,,,,,,,,,,,,,
52,Brooklyn Nets,2024,-3.4,26.1,32,50,-3,113.2,-1.4,116.1,1.5,-2.9,96.9,-2.2,0.234,-0.034,0.561,-0.02,,,,,,,,,,,,,,
53,Utah Jazz,2024,-4.6,25.1,31,51,-4.2,115.5,0.9,120.4,5.8,-4.9,99.5,0.4,0.251,-0.017,0.579,-0.002,,,,,,,,,,,,,,
54,San Antonio Spurs,2024,-6.6,23,22,60,-5.8,110,-4.6,116.4,1.8,-6.4,101.1,2,0.22,-0.048,0.563,-0.018,,,,,,,,,,,,,,
55,Toronto Raptors,2024,-7.1,25.9,25,57,-6.5,112.3,-2.3,118.8,4.2,-6.5,99.4,0.3,0.241,-0.027,0.566,-0.015,,,,,,,,,,,,,,
56,Memphis Grizzlies,2024,-7.1,24.4,27,55,-6.6,107.2,-7.4,114.3,-0.3,-7.1,98.2,-0.9,0.238,-0.03,0.543,-0.038,,,,,,,,,,,,,,
57,Portland Trail Blazers,2024,-9.1,24.1,21,61,-8.3,108.3,-6.3,117.5,2.9,-9.2,97.2,-1.9,0.228,-0.04,0.539,-0.042,,,,,,,,,,,,,,
58,Detroit Pistons,2024,-10.2,23.8,14,68,-9.1,109.7,-4.9,118.8,4.2,-9.1,99.8,0.7,0.246,-0.022,0.562,-0.019,,,,,,,,,,,,,,
59,Washington Wizards,2024,-10.4,24.9,15,67,-9.3,110.5,-4.1,119.6,5,-9.1,102.7,3.6,0.221,-0.047,0.567,-0.014,,,,,,,,,,,,,,
60,Charlotte Hornets,2024,-10.9,25.1,21,61,-10.1,109.3,-5.3,119.8,5.2,-10.5,97.3,-1.8,0.212,-0.056,0.56,-0.021,,,,,,,,,,,,,,
61,Denver Nuggets,2023,9.9,26.6,53,29,3,117.6,2.8,114.2,-0.6,3.4,98.1,-1,0.259,-0.007,0.601,0.02,16,4,0.8,119.5,6,110.8,-2.7,8.7,9.32,94.4,-1.7,0.257,0.593,0.027
62,Boston Celtics,2023,7.7,27.4,57,25,6.4,118,3.2,111.5,-3.3,6.5,98.5,-0.6,0.243,-0.023,0.6,0.019,11,9,0.55,117.2,3.7,113.7,0.2,3.5,5.08,95,-1.1,0.234,0.594,0.028
63,Philadelphia 76ers,2023,6,28.2,54,28,4.4,117.7,2.9,113.3,-1.5,4.4,96.9,-2.2,0.3,0.034,0.608,0.027,7,4,0.64,111.2,-2.3,112.8,-0.7,-1.6,2.83,91.4,-4.7,0.227,0.555,-0.011
64,Miami Heat,2023,5.2,27.7,44,38,-0.1,113,-1.8,113.3,-1.5,-0.3,96.3,-2.8,0.27,0.004,0.574,-0.007,13,10,0.57,114.1,0.6,112.5,-1,1.6,5.77,94.5,-1.6,0.228,0.567,0.001
65,Los Angeles Lakers,2023,4.8,27.9,43,39,0.4,114.5,-0.3,113.9,-0.9,0.6,101.3,2.2,0.299,0.033,0.582,0.001,8,8,0.5,113.7,0.2,111.3,-2.2,2.4,5.13,98.1,2,0.285,0.573,0.007
66,New York Knicks,2023,4.5,24.5,47,35,3,117.8,3,114.8,0,3,97.1,-2,0.285,0.019,0.577,-0.004,6,5,0.55,108.9,-4.6,108.5,-5,0.4,2.71,91.9,-4.2,0.329,0.537,-0.029
67,Cleveland Cavaliers,2023,3.1,25.4,51,31,5.2,116.1,1.3,110.6,-4.2,5.5,95.7,-3.4,0.264,-0.002,0.59,0.009,1,4,0.2,103.4,-10.1,109.3,-4.2,-5.9,-2.91,91.1,-5,0.237,0.544,-0.022
68,Phoenix Suns,2023,2.7,28.1,45,37,2.1,115.1,0.3,113,-1.8,2.1,98.2,-0.9,0.241,-0.025,0.57,-0.011,6,5,0.55,117,3.5,119.4,5.9,-2.4,-0.6,97.6,1.5,0.269,0.588,0.022
69,Golden State Warriors,2023,2.7,27.3,44,38,1.7,116.1,1.3,114.4,-0.4,1.7,101.6,2.5,0.224,-0.042,0.6,0.019,6,7,0.46,111.9,-1.6,112.1,-1.4,-0.2,1.24,101,4.9,0.21,0.553,-0.013
70,Sacramento Kings,2023,2,25.4,48,34,2.3,119.4,4.6,116.8,2,2.6,100.3,1.2,0.284,0.018,0.608,0.027,3,4,0.43,110.7,-2.8,112.8,-0.7,-2.1,-0.44,102.7,6.6,0.269,0.532,-0.034
71,New Orleans Pelicans,2023,1.7,25.9,42,40,1.6,114.4,-0.4,112.5,-2.3,1.9,99.1,0,0.279,0.013,0.582,0.001,,,,,,,,,,,,,,
72,Milwaukee Bucks,2023,1.6,29.8,58,24,3.6,115.4,0.6,111.9,-2.9,3.5,100.5,1.4,0.248,-0.018,0.583,0.002,1,4,0.2,114,0.5,118.9,5.4,-4.9,-5.03,102.1,6,0.231,0.582,0.016
73,Toronto Raptors,2023,1.6,25.8,41,41,1.6,115.5,0.7,114,-0.8,1.5,97.1,-2,0.257,-0.009,0.555,-0.026,,,,,,,,,,,,,,
74,Chicago Bulls,2023,1.4,27.5,40,42,1.4,113.5,-1.3,112.2,-2.6,1.3,98.5,-0.6,0.251,-0.015,0.587,0.006,,,,,,,,,,,,,,
75,Memphis Grizzlies,2023,1.2,24.4,51,31,3.6,115.1,0.3,111.2,-3.6,3.9,101.1,2,0.259,-0.007,0.57,-0.011,2,4,0.33,104,-9.5,111.4,-2.1,-7.4,-6.97,99,2.9,0.201,0.504,-0.062
76,Oklahoma City Thunder,2023,0.9,22.8,40,42,1,115.2,0.4,114.2,-0.6,1,101.1,2,0.256,-0.01,0.57,-0.011,,,,,,,,,,,,,,
77,Atlanta Hawks,2023,0.3,24.9,41,41,0.3,116.6,1.8,116.3,1.5,0.3,100.7,1.6,0.244,-0.022,0.579,-0.002,2,4,0.33,115,1.5,120.3,6.8,-5.3,1.08,100.7,4.6,0.176,0.558,-0.008
78,Dallas Mavericks,2023,-0.2,27.8,38,44,-0.1,116.8,2,116.7,1.9,0.1,96.6,-2.5,0.298,0.032,0.599,0.018,,,,,,,,,,,,,,
79,Utah Jazz,2023,-1.2,26.5,37,45,-1,115.8,1,116.7,1.9,-0.9,100.5,1.4,0.265,-0.001,0.584,0.003,,,,,,,,,,,,,,
80,Los Angeles Clippers,2023,-1.3,29.7,44,38,0.3,115,0.2,114.5,-0.3,0.5,98,-1.1,0.278,0.012,0.588,0.007,1,4,0.2,117.1,3.6,123.6,10.1,-6.5,-4.42,98.7,2.6,0.298,0.577,0.011
81,Washington Wizards,2023,-1.3,26.2,35,47,-1.1,114.4,-0.4,115.6,0.8,-1.2,98.6,-0.5,0.258,-0.008,0.585,0.004,,,,,,,,,,,,,,
82,Brooklyn Nets,2023,-1.7,28,45,37,1,115,0.2,114.1,-0.7,0.9,98.3,-0.8,0.26,-0.006,0.598,0.017,0,4,0,103.1,-10.4,115.6,2.1,-12.5,-8.13,89.7,-6.4,0.236,0.542,-0.024
83,Minnesota Timberwolves,2023,-2.2,25.8,42,40,-0.2,113.7,-1.1,113.8,-1,-0.1,101,1.9,0.271,0.005,0.592,0.011,1,4,0.2,109.7,-3.8,118.9,5.4,-9.2,-6.16,94.1,-2,0.293,0.565,-0.001
84,Orlando Magic,2023,-2.7,23.1,34,48,-2.4,111.6,-3.2,114.2,-0.6,-2.6,99.3,0.2,0.29,0.024,0.573,-0.008,,,,,,,,,,,,,,
85,Indiana Pacers,2023,-3.1,24.5,35,47,-2.9,114.6,-0.2,117.7,2.9,-3.1,101.1,2,0.265,-0.001,0.581,0,,,,,,,,,,,,,,
86,Portland Trail Blazers,2023,-4.3,25.1,33,49,-4,114.8,0,118.8,4,-4,98.6,-0.5,0.289,0.023,0.589,0.008,,,,,,,,,,,,,,
87,Charlotte Hornets,2023,-6.5,25.3,27,55,-5.9,109.2,-5.6,115.3,0.5,-6.1,100.8,1.7,0.261,-0.005,0.55,-0.031,,,,,,,,,,,,,,
88,Houston Rockets,2023,-8.4,22.1,22,60,-7.6,111.4,-3.4,119.3,4.5,-7.9,99,-0.1,0.285,0.019,0.554,-0.027,,,,,,,,,,,,,,
89,Detroit Pistons,2023,-8.7,24.1,17,65,-7.7,110.7,-4.1,118.9,4.1,-8.2,99,-0.1,0.295,0.029,0.561,-0.02,,,,,,,,,,,,,,
90,San Antonio Spurs,2023,-10.6,23.9,22,60,-9.8,110.2,-4.6,120,5.2,-9.8,101.6,2.5,0.229,-0.037,0.554,-0.027,,,,,,,,,,,,,,
91,Golden State Warriors??,2022,11,27.6,53,29,5.5,112.5,0.5,106.9,-5.1,5.6,98.4,0.2,0.235,-0.013,0.582,0.016,16,6,0.73,115.2,4,110,-1.2,5.2,9.78,97.1,1.6,0.23,0.59,0.023
92,Boston Celtics,2022,9.4,26.1,51,31,7,114.4,2.4,106.9,-5.1,7.5,96.6,-1.6,0.239,-0.009,0.578,0.012,14,10,0.58,110.7,-0.5,107,-4.2,3.7,7.39,95.3,-0.2,0.283,0.574,0.007
93,Miami Heat,2022,8.7,28.2,53,29,4.2,113.7,1.7,109.1,-2.9,4.6,95.9,-2.3,0.252,0.004,0.584,0.018,11,7,0.61,110.6,-0.6,106.6,-4.6,4,8.02,94.2,-1.3,0.253,0.55,-0.017
94,Memphis Grizzlies,2022,7.6,24,56,26,5.4,114.6,2.6,109,-3,5.6,100.3,2.1,0.245,-0.003,0.553,-0.013,6,6,0.5,110.2,-1,107.8,-3.4,2.4,6.43,102.1,6.6,0.297,0.545,-0.022
95,Dallas Mavericks,2022,7.2,26.7,52,30,3.1,112.8,0.8,109.4,-2.6,3.4,95.4,-2.8,0.249,0.001,0.572,0.006,9,9,0.5,114.9,3.7,114.1,2.9,0.8,6.92,92.6,-2.9,0.289,0.584,0.017
96,Milwaukee Bucks,2022,5.9,28.5,51,31,3.2,115.1,3.1,111.8,-0.2,3.3,99.9,1.7,0.257,0.009,0.58,0.014,7,5,0.58,104.4,-6.8,102.8,-8.4,1.6,5.54,98.5,3,0.236,0.529,-0.038
97,Phoenix Suns,2022,5.1,27.5,64,18,6.9,114.8,2.8,107.3,-4.7,7.5,99.8,1.6,0.221,-0.027,0.581,0.015,7,6,0.54,115.6,4.4,116.7,5.5,-1.1,0.19,93.1,-2.4,0.229,0.591,0.024
98,Philadelphia 76ers,2022,4.6,26.8,51,31,2.6,113.5,1.5,110.8,-1.2,2.7,96.2,-2,0.282,0.034,0.578,0.012,6,6,0.5,112.3,1.1,112,0.8,0.3,3.61,92.2,-3.3,0.29,0.592,0.025
99,Utah Jazz,2022,3.6,29.3,49,33,5.7,116.7,4.7,110.5,-1.5,6.2,97.1,-1.1,0.271,0.023,0.589,0.023,2,4,0.33,108.8,-2.4,115,3.8,-6.2,-3.08,91,-4.5,0.335,0.546,-0.021
100,Cleveland Cavaliers,2022,2.2,24.7,44,38,2,111.9,-0.1,109.7,-2.3,2.2,96.1,-2.1,0.261,0.013,0.571,0.005,,,,,,,,,,,,,,
101,Minnesota Timberwolves,2022,1.9,24.2,46,36,2.5,114.3,2.3,111.7,-0.3,2.6,100.9,2.7,0.254,0.006,0.573,0.007,2,4,0.33,106.4,-4.8,111.8,0.6,-5.4,-0.03,102.6,7.1,0.341,0.579,0.012
102,Denver Nuggets,2022,0.7,27.7,48,34,2.2,114.5,2.5,112.1,0.1,2.4,97.8,-0.4,0.244,-0.004,0.59,0.024,1,4,0.2,113.6,2.4,121.8,10.6,-8.2,-2.68,96.9,1.4,0.304,0.586,0.019
103,Charlotte Hornets,2022,0.6,25.5,43,39,0.5,114.1,2.1,113.7,1.7,0.4,100,1.8,0.234,-0.014,0.572,0.006,,,,,,,,,,,,,,
104,New Orleans Pelicans,2022,0.3,25.6,36,46,-0.8,112,0,113,1,-1,97.2,-1,0.264,0.016,0.557,-0.009,2,4,0.33,117.6,6.4,119.2,8,-1.6,5.34,93.4,-2.1,0.342,0.566,-0.001
105,Toronto Raptors,2022,0.3,24.8,48,34,2.4,112.9,0.9,110.5,-1.5,2.4,96,-2.2,0.234,-0.014,0.543,-0.023,2,4,0.33,111.2,0,120.2,9,-9,-6.43,91.2,-4.3,0.244,0.542,-0.025
106,Brooklyn Nets,2022,0.2,29.1,44,38,0.8,113.6,1.6,112.8,0.8,0.8,99,0.8,0.246,-0.002,0.576,0.01,0,4,0,116.3,5.1,121.1,9.9,-4.8,2.22,93.8,-1.7,0.33,0.61,0.043
107,Los Angeles Clippers,2022,0.2,27.5,42,40,0.1,110.1,-1.9,110.1,-1.9,0,98,-0.2,0.224,-0.024,0.564,-0.002,,,,,,,,,,,,,,
108,New York Knicks,2022,-0.2,26,37,45,0,110.4,-1.6,110.5,-1.5,-0.1,95.9,-2.3,0.28,0.032,0.55,-0.016,,,,,,,,,,,,,,
109,San Antonio Spurs,2022,-0.2,24.5,34,48,0,112.4,0.4,112.3,0.3,0.1,100,1.8,0.22,-0.028,0.556,-0.01,,,,,,,,,,,,,,
110,Atlanta Hawks,2022,-1.4,26.1,43,39,1.6,116.5,4.5,114.9,2.9,1.6,97.7,-0.5,0.253,0.005,0.581,0.015,1,4,0.2,102.3,-8.9,114.9,3.7,-12.6,-8.37,95.2,-0.3,0.281,0.554,-0.013
111,Chicago Bulls,2022,-3.4,26.3,46,36,-0.4,113.2,1.2,113.6,1.6,-0.4,98.3,0.1,0.248,0,0.579,0.013,1,4,0.2,94.9,-16.3,109.4,-1.8,-14.5,-11.28,100.3,4.8,0.16,0.493,-0.074
112,Los Angeles Lakers,2022,-3.4,30.2,33,49,-3.1,110.3,-1.7,113.3,1.3,-3,100.1,1.9,0.259,0.011,0.567,0.001,,,,,,,,,,,,,,
113,Washington Wizards,2022,-3.5,25.9,35,47,-3.2,111.1,-0.9,114.5,2.5,-3.4,97,-1.2,0.252,0.004,0.568,0.002,,,,,,,,,,,,,,
114,Indiana Pacers,2022,-3.9,26,25,57,-3.3,112.6,0.6,116.1,4.1,-3.5,98,-0.2,0.239,-0.009,0.564,-0.002,,,,,,,,,,,,,,
115,Sacramento Kings,2022,-5.7,25.8,30,52,-5.3,109.9,-2.1,115.3,3.3,-5.4,99.8,1.6,0.264,0.016,0.561,-0.005,,,,,,,,,,,,,,
116,Detroit Pistons,2022,-8.1,23.6,23,59,-7.4,106,-6,113.8,1.8,-7.8,98.4,0.2,0.249,0.001,0.533,-0.033,,,,,,,,,,,,,,
117,Orlando Magic,2022,-8.4,23.3,22,60,-7.7,104.5,-7.5,112.5,0.5,-8,99.2,1,0.223,-0.025,0.538,-0.028,,,,,,,,,,,,,,
118,Oklahoma City Thunder,2022,-8.6,22.4,24,58,-7.9,104.6,-7.4,112.8,0.8,-8.2,98.5,0.3,0.223,-0.025,0.53,-0.036,,,,,,,,,,,,,,
119,Houston Rockets,2022,-9.1,24.1,20,62,-8.3,108.4,-3.6,116.7,4.7,-8.3,100.9,2.7,0.284,0.036,0.565,-0.001,,,,,,,,,,,,,,
120,Portland Trail Blazers,2022,-9.1,25.6,27,55,-8.6,107.8,-4.2,116.9,4.9,-9.1,98.3,0.1,0.248,0,0.55,-0.016,,,,,,,,,,,,,,
121,Phoenix Suns,2021,10.5,26.6,51,21,5.7,117.2,4.9,111.3,-1,5.9,97.2,-2,0.212,-0.035,0.597,0.025,14,8,0.64,114.7,0.4,110,-4.3,4.7,9.49,95.1,-1,0.219,0.585,0.014
122,Los Angeles Clippers,2021,10.2,28.8,47,25,6,117.6,5.3,111.2,-1.1,6.4,96.9,-2.3,0.222,-0.025,0.599,0.027,10,9,0.53,120.2,5.9,115.9,1.6,4.3,9.76,92.8,-3.3,0.29,0.604,0.033
123,Milwaukee Bucks??,2021,10.2,28.1,46,26,5.6,117.2,4.9,111.4,-0.9,5.8,102.2,3,0.233,-0.014,0.593,0.021,16,7,0.7,112.9,-1.4,107.6,-6.7,5.3,8.62,96.9,0.8,0.228,0.55,-0.021
124,Utah Jazz,2021,9,28.5,52,20,9,117.6,5.3,108.3,-4,9.3,98.5,-0.7,0.244,-0.003,0.597,0.025,6,5,0.55,121.4,7.1,122.3,8,-0.9,2.87,96.3,0.2,0.288,0.616,0.045
125,Brooklyn Nets,2021,8.3,28.2,48,24,4.2,118.3,6,113.8,1.5,4.5,99.5,0.3,0.258,0.011,0.61,0.038,7,5,0.58,116.1,1.8,109.6,-4.7,6.5,10.3,96.1,0,0.235,0.592,0.021
126,Philadelphia 76ers,2021,8.2,27.1,49,23,5.3,113.2,0.9,107.6,-4.7,5.6,99.5,0.3,0.293,0.046,0.579,0.007,7,5,0.58,116,1.7,108.5,-5.8,7.5,7.98,100.2,4.1,0.342,0.589,0.018
127,Atlanta Hawks,2021,4.5,25.4,41,31,2.1,115.7,3.4,113.3,1,2.4,97.6,-1.6,0.278,0.031,0.581,0.009,10,8,0.56,109.8,-4.5,111.3,-3,-1.5,3,96.8,0.7,0.241,0.554,-0.017
128,Denver Nuggets,2021,3.5,26.1,47,25,4.8,117.1,4.8,112.1,-0.2,5,97.1,-2.1,0.219,-0.028,0.588,0.016,4,6,0.4,116.8,2.5,122.4,8.1,-5.6,-2.25,96.3,0.2,0.227,0.566,-0.005
129,Portland Trail Blazers,2021,2.3,27.4,42,30,1.8,117.8,5.5,116,3.7,1.8,98.4,-0.8,0.238,-0.009,0.577,0.005,2,4,0.33,121.6,7.3,122.9,8.6,-1.3,3.52,95,-1.1,0.257,0.608,0.037
130,Dallas Mavericks,2021,2.1,26.3,42,30,2.3,115.4,3.1,113,0.7,2.4,97.3,-1.9,0.242,-0.005,0.582,0.01,3,4,0.43,115.5,1.2,121.1,6.8,-5.6,0.42,91.8,-4.3,0.233,0.559,-0.012
131,Los Angeles Lakers,2021,1.9,28.2,42,30,2.8,109.9,-2.4,107.1,-5.2,2.8,98.7,-0.5,0.271,0.024,0.569,-0.003,2,4,0.33,104,-10.3,110.9,-3.4,-6.9,-1.23,93.8,-2.3,0.295,0.52,-0.051
132,Golden State Warriors,2021,1.3,26.7,39,33,1.1,111.1,-1.2,110.1,-2.2,1,102.2,3,0.239,-0.008,0.583,0.011,,,,,,,,,,,,,,
133,Memphis Grizzlies,2021,0.5,24.2,38,34,1.1,112,-0.3,111,-1.3,1,100.4,1.2,0.232,-0.015,0.56,-0.012,1,4,0.2,115.6,1.3,124,9.7,-8.4,0.57,99.5,3.4,0.216,0.556,-0.015
134,New York Knicks,2021,0,25.6,41,31,2.1,110.6,-1.7,108.2,-4.1,2.4,95.9,-3.3,0.242,-0.005,0.559,-0.013,1,4,0.2,103.5,-10.8,111,-3.3,-7.5,-5.36,93.7,-2.4,0.252,0.505,-0.066
135,Indiana Pacers,2021,-0.2,26.5,34,38,-0.1,112.4,0.1,112.4,0.1,0,101.6,2.4,0.227,-0.02,0.575,0.003,,,,,,,,,,,,,,
136,New Orleans Pelicans,2021,-0.4,24.8,31,41,-0.2,113.5,1.2,113.8,1.5,-0.3,100.1,0.9,0.293,0.046,0.57,-0.002,,,,,,,,,,,,,,
137,Toronto Raptors,2021,-0.9,26.6,27,45,-0.5,112,-0.3,112.5,0.2,-0.5,99.2,0,0.241,-0.006,0.567,-0.005,,,,,,,,,,,,,,
138,Chicago Bulls,2021,-1.2,25.6,31,41,-0.9,111.1,-1.2,112,-0.3,-0.9,99,-0.2,0.197,-0.05,0.575,0.003,,,,,,,,,,,,,,
139,Boston Celtics,2021,-1.4,25.1,36,36,1.3,114,1.7,112.5,0.2,1.5,98.3,-0.9,0.234,-0.013,0.574,0.002,1,4,0.2,117.1,2.8,128.7,14.4,-11.6,-7.36,95.8,-0.3,0.311,0.56,-0.011
140,San Antonio Spurs,2021,-1.7,26.2,33,39,-1.6,111,-1.3,112.8,0.5,-1.8,98.9,-0.3,0.243,-0.004,0.554,-0.018,,,,,,,,,,,,,,
141,Charlotte Hornets,2021,-2.1,24.6,33,39,-1.9,110.9,-1.4,112.8,0.5,-1.9,98.3,-0.9,0.238,-0.009,0.564,-0.008,,,,,,,,,,,,,,
142,Sacramento Kings,2021,-3.7,25.6,31,41,-3.5,113.6,1.3,117.2,4.9,-3.6,100,0.8,0.248,0.001,0.578,0.006,,,,,,,,,,,,,,
143,Miami Heat,2021,-3.8,27.4,40,32,-0.1,111.2,-1.1,111.2,-1.1,0,96.6,-2.6,0.252,0.005,0.581,0.009,0,4,0,96.6,-17.7,116.8,2.5,-20.2,-14.63,98.9,2.8,0.227,0.499,-0.072
144,Washington Wizards,2021,-4.1,26.6,34,38,-1.9,111.2,-1.1,113,0.7,-1.8,104.1,4.9,0.288,0.041,0.569,-0.003,1,4,0.2,107.6,-6.7,121.3,7,-13.7,-8.42,102.2,6.1,0.327,0.543,-0.028
145,Detroit Pistons,2021,-5.1,24.5,20,52,-4.4,108,-4.3,112.5,0.2,-4.5,97.9,-1.3,0.273,0.026,0.556,-0.016,,,,,,,,,,,,,,
146,Minnesota Timberwolves,2021,-5.9,23.2,23,49,-5.3,109.5,-2.8,115,2.7,-5.5,101.6,2.4,0.254,0.007,0.555,-0.017,,,,,,,,,,,,,,
147,Houston Rockets,2021,-8.4,26.5,17,55,-7.5,107.1,-5.2,114.9,2.6,-7.8,101.4,2.2,0.252,0.005,0.553,-0.019,,,,,,,,,,,,,,
148,Cleveland Cavaliers,2021,-8.8,24,22,50,-8.2,105.8,-6.5,114.4,2.1,-8.6,97.3,-1.9,0.261,0.014,0.543,-0.029,,,,,,,,,,,,,,
149,Orlando Magic,2021,-9.7,25.6,21,51,-9,105.1,-7.2,114.5,2.2,-9.4,98.7,-0.5,0.24,-0.007,0.527,-0.045,,,,,,,,,,,,,,
150,Oklahoma City Thunder,2021,-10.8,22.8,22,50,-10.1,103.5,-8.8,114,1.7,-10.5,101,1.8,0.242,-0.005,0.539,-0.033,,,,,,,,,,,,,,
151,Los Angeles Lakers??,2020,11.1,29.5,52,19,6.3,112,1.4,106.3,-4.3,5.7,100.9,0.6,0.276,0.016,0.573,0.008,16,5,0.76,115.9,4.6,108.9,-2.4,7,8.9,97.3,-0.3,0.293,0.595,0.021
152,Boston Celtics,2020,9.9,25.3,48,24,5.8,113.3,2.7,107,-3.6,6.3,99.5,-0.8,0.259,-0.001,0.57,0.005,10,7,0.59,111.3,0,106.3,-5,5,8.9,96.4,-1.2,0.285,0.572,-0.002
153,Los Angeles Clippers,2020,9.3,27.4,49,23,6.7,113.9,3.3,107.6,-3,6.3,101.5,1.2,0.295,0.035,0.577,0.012,7,6,0.54,115.4,4.1,111.1,-0.2,4.3,7.81,98,0.4,0.291,0.585,0.011
154,Toronto Raptors,2020,8.8,26.6,53,19,6,111.1,0.5,105,-5.6,6.1,100.9,0.6,0.264,0.004,0.574,0.009,7,4,0.64,108.3,-3,104.2,-7.1,4.1,7.44,99.1,1.5,0.24,0.559,-0.015
155,Milwaukee Bucks,2020,8.7,29.2,56,17,9.4,112.4,1.8,102.9,-7.7,9.5,105.1,4.8,0.271,0.011,0.583,0.018,5,5,0.5,109.7,-1.6,108.5,-2.8,1.2,2.03,100.3,2.7,0.279,0.568,-0.006
156,Miami Heat,2020,8.2,25.9,44,29,2.6,112.5,1.9,109.5,-1.1,3,98.3,-2,0.299,0.039,0.587,0.022,14,7,0.67,113.5,2.2,111.5,0.2,2,8.01,95.9,-1.7,0.322,0.587,0.013
157,Houston Rockets,2020,5,29.2,44,28,3.1,112.9,2.3,110.1,-0.5,2.8,103.7,3.4,0.288,0.028,0.578,0.013,5,7,0.42,108.3,-3,107.5,-3.8,0.8,4.78,98.6,1,0.235,0.569,-0.005
158,Denver Nuggets,2020,4.2,25.6,46,27,2.4,113.1,2.5,111,0.4,2.1,97.1,-3.2,0.235,-0.025,0.567,0.002,9,10,0.47,113.6,2.3,116,4.7,-2.4,2.63,94.1,-3.5,0.26,0.584,0.01
159,Utah Jazz,2020,3.8,27.3,44,28,2.5,112.3,1.7,109.9,-0.7,2.4,98.6,-1.7,0.268,0.008,0.585,0.02,3,4,0.43,122.2,10.9,118.5,7.2,3.7,6.05,91.5,-6.1,0.284,0.616,0.042
160,Dallas Mavericks,2020,3.1,26.1,43,32,4.9,116.7,6.1,111.7,1.1,5,99.3,-1,0.264,0.004,0.581,0.016,2,4,0.33,112.7,1.4,122,10.7,-9.3,-2.64,102.1,4.5,0.297,0.58,0.006
161,Oklahoma City Thunder,2020,1.4,25.5,44,28,2.3,110.8,0.2,108.8,-1.8,2,98.8,-1.5,0.29,0.03,0.573,0.008,3,4,0.43,102.4,-8.9,108.7,-2.6,-6.3,-3.17,100.1,2.5,0.281,0.542,-0.032
162,Phoenix Suns,2020,0.5,24.6,34,39,0.6,111.7,1.1,111.4,0.8,0.3,101.3,1,0.271,0.011,0.576,0.011,,,,,,,,,,,,,,
163,Philadelphia 76ers,2020,-0.2,26.3,43,30,2.3,111.3,0.7,109,-1.6,2.3,99,-1.3,0.255,-0.005,0.566,0.001,0,4,0,105.5,-5.8,117.9,6.6,-12.4,-6.57,95.2,-2.4,0.381,0.512,-0.062
164,New Orleans Pelicans,2020,-0.8,25.4,30,42,-0.6,110.7,0.1,111.9,1.3,-1.2,103.7,3.4,0.256,-0.004,0.568,0.003,,,,,,,,,,,,,,
165,San Antonio Spurs,2020,-0.8,27.6,32,39,-0.7,112.4,1.8,113.5,2.9,-1.1,100.5,0.2,0.262,0.002,0.572,0.007,,,,,,,,,,,,,,
166,Indiana Pacers,2020,-1,25.6,45,28,1.6,110,-0.6,108,-2.6,2,98.9,-1.4,0.216,-0.044,0.565,0,0,4,0,104.2,-7.1,115.1,3.8,-10.9,-8.31,96.7,-0.9,0.252,0.565,-0.009
167,Memphis Grizzlies,2020,-1,24.1,34,39,-0.9,109.2,-1.4,110.3,-0.3,-1.1,102.8,2.5,0.24,-0.02,0.561,-0.004,,,,,,,,,,,,,,
168,Orlando Magic,2020,-1.2,26.1,33,40,-0.9,108.5,-2.1,109.5,-1.1,-1,98.6,-1.7,0.256,-0.004,0.544,-0.021,1,4,0.2,102.5,-8.8,111.3,0,-8.8,0.61,104.4,6.8,0.237,0.547,-0.027
169,Sacramento Kings,2020,-1.8,27,31,41,-1.6,110.2,-0.4,112.2,1.6,-2,98.9,-1.4,0.23,-0.03,0.566,0.001,,,,,,,,,,,,,,
170,Portland Trail Blazers,2020,-2.1,27.5,35,39,-0.6,113.7,3.1,114.8,4.2,-1.1,100.7,0.4,0.242,-0.018,0.57,0.005,1,4,0.2,104.6,-6.7,115,3.7,-10.4,-4.12,101.9,4.3,0.283,0.537,-0.037
171,Chicago Bulls,2020,-4.5,24.4,22,43,-4,106.7,-3.9,109.8,-0.8,-3.1,99.7,-0.6,0.231,-0.029,0.547,-0.018,,,,,,,,,,,,,,
172,Brooklyn Nets,2020,-4.7,26.3,35,37,-1,108.9,-1.7,109.5,-1.1,-0.6,101.4,1.1,0.267,0.007,0.554,-0.011,0,4,0,102.2,-9.1,122,10.7,-19.8,-13.83,103.5,5.9,0.268,0.518,-0.056
173,Minnesota Timberwolves,2020,-4.7,24.8,19,45,-4,108.1,-2.5,112.2,1.6,-4.1,103.4,3.1,0.277,0.017,0.551,-0.014,,,,,,,,,,,,,,
174,Detroit Pistons,2020,-5,25.9,20,46,-4.4,109,-1.6,112.7,2.1,-3.7,97.6,-2.7,0.261,0.001,0.561,-0.004,,,,,,,,,,,,,,
175,Washington Wizards,2020,-5.7,25.1,25,47,-5.2,110.9,0.3,115.5,4.9,-4.6,102.7,2.4,0.27,0.01,0.562,-0.003,,,,,,,,,,,,,,
176,New York Knicks,2020,-7.3,24.5,21,45,-6.7,106.5,-4.1,113,2.4,-6.5,98.6,-1.7,0.263,0.003,0.531,-0.034,,,,,,,,,,,,,,
177,Charlotte Hornets,2020,-7.5,24.3,23,42,-7,106.3,-4.3,113.3,2.7,-7,95.8,-4.5,0.252,-0.008,0.539,-0.026,,,,,,,,,,,,,,
178,Atlanta Hawks,2020,-8.4,24.1,20,47,-7.7,107.2,-3.4,114.8,4.2,-7.6,103,2.7,0.258,-0.002,0.554,-0.011,,,,,,,,,,,,,,
179,Cleveland Cavaliers,2020,-8.5,25,19,46,-7.8,107.5,-3.1,115.4,4.8,-7.9,98.7,-1.6,0.227,-0.033,0.553,-0.012,,,,,,,,,,,,,,
180,Golden State Warriors,2020,-9,24.4,15,50,-8.1,105.2,-5.4,113.8,3.2,-8.6,100.3,0,0.264,0.004,0.54,-0.025,,,,,,,,,,,,,,
181,Milwaukee Bucks,2019,13,26.9,60,22,8,113.8,3.4,105.2,-5.2,8.6,103.3,3.3,0.255,-0.004,0.583,0.023,10,5,0.67,111.1,1.7,102.5,-6.9,8.6,11.95,100.1,2.6,0.317,0.56,0.01
182,Toronto Raptors??,2019,11,27.3,58,24,5.5,113.1,2.7,107.1,-3.3,6,100.2,0.2,0.247,-0.012,0.579,0.019,16,8,0.67,110,0.6,104.4,-5,5.6,9.93,96,-1.5,0.275,0.561,0.011
183,Golden State Warriors,2019,9.5,28.4,57,25,6.4,115.9,5.5,109.5,-0.9,6.4,100.9,0.9,0.227,-0.032,0.596,0.036,14,8,0.64,115.3,5.9,111.9,2.5,3.4,7.35,98.1,0.6,0.282,0.589,0.039
184,Houston Rockets,2019,8.2,29.2,53,29,5,115.5,5.1,110.7,0.3,4.8,97.9,-2.1,0.279,0.02,0.581,0.021,6,5,0.55,110.9,1.5,107.6,-1.8,3.3,9.2,97,-0.5,0.29,0.574,0.024
185,Denver Nuggets,2019,6.4,24.9,54,28,4.2,113,2.6,108.9,-1.5,4.1,97.7,-2.3,0.232,-0.027,0.558,-0.002,7,7,0.5,114.4,5,112.5,3.1,1.9,5.02,92.6,-4.9,0.279,0.538,-0.012
186,Portland Trail Blazers,2019,5.5,26.2,53,29,4.4,114.7,4.3,110.5,0.1,4.2,99.1,-0.9,0.258,-0.001,0.568,0.008,8,8,0.5,110.6,1.2,112,2.6,-1.4,3.15,96,-1.5,0.274,0.541,-0.009
187,Philadelphia 76ers,2019,5.4,26.4,51,31,2.3,112.6,2.2,110,-0.4,2.6,101.6,1.6,0.312,0.053,0.574,0.014,7,5,0.58,109.9,0.5,106.8,-2.6,3.1,6.14,98.9,1.4,0.301,0.559,0.009
188,Boston Celtics,2019,4.7,25.7,49,33,3.9,112.2,1.8,107.8,-2.6,4.4,99.6,-0.4,0.215,-0.044,0.567,0.007,5,4,0.56,102.2,-7.2,103.6,-5.8,-1.4,4.29,99.9,2.4,0.288,0.539,-0.011
189,Utah Jazz,2019,2.7,27.3,50,32,5.3,110.9,0.5,105.7,-4.7,5.2,100.3,0.3,0.295,0.036,0.572,0.012,1,4,0.2,99.2,-10.2,108.5,-0.9,-9.3,-4.34,98.6,1.1,0.296,0.501,-0.049
190,San Antonio Spurs,2019,2.2,28.8,48,34,1.8,112.9,2.5,111.2,0.8,1.7,98.3,-1.7,0.237,-0.022,0.572,0.012,3,4,0.43,112.4,3,114.5,5.1,-2.1,2.09,91.9,-5.6,0.27,0.542,-0.008
191,Oklahoma City Thunder,2019,2.1,25.7,49,33,3.6,110.3,-0.1,107,-3.4,3.3,102.8,2.8,0.266,0.007,0.545,-0.015,1,4,0.2,105.4,-4,111.2,1.8,-5.8,-1.37,99.9,2.4,0.295,0.541,-0.009
192,Indiana Pacers,2019,0.7,27,48,34,2.8,109.9,-0.5,106.5,-3.9,3.4,98.1,-1.9,0.242,-0.017,0.561,0.001,0,4,0,96.3,-13.1,104.2,-5.2,-7.9,-4,95.3,-2.2,0.246,0.496,-0.054
193,Los Angeles Clippers,2019,0.2,27.2,48,34,1.1,112.4,2,111.5,1.1,0.9,101.7,1.7,0.326,0.067,0.575,0.015,2,4,0.33,111.5,2.1,121,11.6,-9.5,-3.08,102.9,5.4,0.323,0.563,0.013
194,Miami Heat,2019,-0.5,27,39,43,-0.5,107.3,-3.1,107.6,-2.8,-0.3,98.2,-1.8,0.247,-0.012,0.542,-0.018,,,,,,,,,,,,,,
195,Sacramento Kings,2019,-0.9,24.8,39,43,-0.8,110.4,0,111.5,1.1,-1.1,103.1,3.1,0.244,-0.015,0.554,-0.006,,,,,,,,,,,,,,
196,Dallas Mavericks,2019,-1.2,26.9,33,49,-0.9,109.4,-1,110.7,0.3,-1.3,99,-1,0.291,0.032,0.555,-0.005,,,,,,,,,,,,,,
197,Minnesota Timberwolves,2019,-1.2,26.2,36,46,-1,111.4,1,112.9,2.5,-1.5,100.2,0.2,0.267,0.008,0.552,-0.008,,,,,,,,,,,,,,
198,Charlotte Hornets,2019,-1.4,26.6,39,43,-1.3,111.4,1,112.5,2.1,-1.1,98.7,-1.3,0.257,-0.002,0.554,-0.006,,,,,,,,,,,,,,
199,New Orleans Pelicans,2019,-1.4,25.7,33,49,-1.1,111.4,1,112.6,2.2,-1.2,103.3,3.3,0.254,-0.005,0.563,0.003,,,,,,,,,,,,,,
200,Los Angeles Lakers,2019,-1.5,26.2,37,45,-1.3,107.8,-2.6,109.5,-0.9,-1.7,103.2,3.2,0.257,-0.002,0.554,-0.006,,,,,,,,,,,,,,
201,Memphis Grizzlies,2019,-2.4,27.7,33,49,-2.1,106.1,-4.3,108.8,-1.6,-2.7,96.6,-3.4,0.272,0.013,0.548,-0.012,,,,,,,,,,,,,,
202,Orlando Magic,2019,-2.6,25.7,42,40,0.3,108.9,-1.5,108.1,-2.3,0.8,98.1,-1.9,0.216,-0.043,0.55,-0.01,1,4,0.2,96.2,-13.2,111.2,1.8,-15,-9.51,95.7,-1.8,0.267,0.496,-0.054
203,Brooklyn Nets,2019,-2.9,25.4,42,40,-0.4,109.6,-0.8,109.7,-0.7,-0.1,100.8,0.8,0.284,0.025,0.556,-0.004,1,4,0.2,106.7,-2.7,117.3,7.9,-10.6,-8.35,104.4,6.9,0.319,0.534,-0.016
204,Washington Wizards,2019,-3.7,26.5,32,50,-3.3,111.1,0.7,113.9,3.5,-2.8,101.4,1.4,0.266,0.007,0.567,0.007,,,,,,,,,,,,,,
205,Detroit Pistons,2019,-4.5,26.9,41,41,-0.6,109,-1.4,109.2,-1.2,-0.2,97.4,-2.6,0.262,0.003,0.544,-0.016,0,4,0,96.8,-12.6,120.2,10.8,-23.4,-15.36,101.3,3.8,0.171,0.471,-0.079
206,Atlanta Hawks,2019,-6.5,25.1,29,53,-6.1,108.1,-2.3,113.9,3.5,-5.8,103.9,3.9,0.255,-0.004,0.555,-0.005,,,,,,,,,,,,,,
207,Chicago Bulls,2019,-9.1,24,22,60,-8.3,104.8,-5.6,113.2,2.8,-8.4,99,-1,0.235,-0.024,0.541,-0.019,,,,,,,,,,,,,,
208,Phoenix Suns,2019,-9.5,24,19,63,-8.6,105.9,-4.5,115.1,4.7,-9.2,100.5,0.5,0.259,0,0.552,-0.008,,,,,,,,,,,,,,
209,New York Knicks,2019,-9.9,23.4,17,65,-8.9,104.5,-5.9,113.7,3.3,-9.2,99.6,-0.4,0.27,0.011,0.529,-0.031,,,,,,,,,,,,,,
210,Cleveland Cavaliers,2019,-10.3,25.2,19,63,-9.4,107.7,-2.7,117.6,7.2,-9.9,96.6,-3.4,0.236,-0.023,0.54,-0.02,,,,,,,,,,,,,,
211,Golden State Warriors??,2018,14,28.8,58,24,5.8,113.6,5,107.6,-1,6,99.6,2.3,0.239,-0.013,0.603,0.047,16,5,0.76,113.9,5,103.6,-5.3,10.3,14.19,96.5,1.1,0.237,0.581,0.026
212,Houston Rockets,2018,9.8,29.8,65,17,8.2,114.7,6.1,106.1,-2.5,8.6,97.6,0.3,0.298,0.046,0.59,0.034,11,6,0.65,109.6,0.7,107.7,-1.2,1.9,6.29,95.7,0.3,0.261,0.552,-0.003
213,Utah Jazz,2018,5.5,26.7,48,34,4.5,108.4,-0.2,103.9,-4.7,4.5,95.7,-1.6,0.26,0.008,0.564,0.008,5,6,0.45,104.7,-4.2,106.9,-2,-2.2,3.4,97.8,2.4,0.284,0.549,-0.006
214,Philadelphia 76ers,2018,5.3,25.8,52,30,4.3,109.5,0.9,105,-3.6,4.5,99.8,2.5,0.263,0.011,0.568,0.012,5,5,0.5,110.4,1.5,106.5,-2.4,3.9,5.59,97.5,2.1,0.32,0.539,-0.016
215,Toronto Raptors,2018,5.1,25.8,59,23,7.3,113.8,5.2,105.9,-2.7,7.9,97.4,0.1,0.25,-0.002,0.575,0.019,4,6,0.4,112,3.1,116.6,7.7,-4.6,-4.05,94.8,-0.6,0.29,0.578,0.023
216,Boston Celtics,2018,4.6,24.7,55,27,3.2,107.6,-1,103.9,-4.7,3.7,96,-1.3,0.243,-0.009,0.552,-0.004,11,8,0.58,107.7,-1.2,107,-1.9,0.7,1.88,93.1,-2.3,0.283,0.541,-0.014
217,Cleveland Cavaliers,2018,3.4,30.6,50,32,0.6,112.9,4.3,111.9,3.3,1,98,0.7,0.275,0.023,0.584,0.028,12,10,0.55,109.4,0.5,111.2,2.3,-1.8,1.98,91.6,-3.8,0.282,0.55,-0.005
218,Indiana Pacers,2018,3,26.2,48,34,1.2,109.5,0.9,108.1,-0.5,1.4,96,-1.3,0.222,-0.03,0.557,0.001,3,4,0.43,110.9,2,104.6,-4.3,6.3,6.89,90.7,-4.7,0.241,0.567,0.012
219,New Orleans Pelicans,2018,2.7,27.6,48,34,1.5,109.6,1,108.3,-0.3,1.3,100.5,3.2,0.237,-0.015,0.573,0.017,5,4,0.56,107.1,-1.8,107.8,-1.1,-0.7,3.67,102.7,7.3,0.204,0.562,0.007
220,Oklahoma City Thunder,2018,2.7,27.3,48,34,3.4,110.7,2.1,107.2,-1.4,3.5,96.7,-0.6,0.275,0.023,0.546,-0.01,2,4,0.33,103.5,-5.4,107.9,-1,-4.4,0.07,97.8,2.4,0.245,0.528,-0.027
221,Denver Nuggets,2018,1.8,25.1,46,36,1.6,112.5,3.9,111,2.4,1.5,96.8,-0.5,0.258,0.006,0.57,0.014,,,,,,,,,,,,,,
222,Washington Wizards,2018,1.6,26.9,43,39,0.5,109.3,0.7,108.7,0.1,0.6,96.6,-0.7,0.254,0.002,0.56,0.004,2,4,0.33,110.3,1.4,112.3,3.4,-2,5.29,97.2,1.8,0.274,0.561,0.006
223,Minnesota Timberwolves,2018,1.2,27.1,47,35,2.4,113.4,4.8,111.1,2.5,2.3,96,-1.3,0.28,0.028,0.566,0.01,1,4,0.2,107,-1.9,116.2,7.3,-9.2,-0.99,95,-0.4,0.276,0.548,-0.007
224,San Antonio Spurs,2018,1,29.3,47,35,2.9,107.9,-0.7,104.8,-3.8,3.1,95,-2.3,0.245,-0.007,0.543,-0.013,1,4,0.2,103.7,-5.2,113.1,4.2,-9.4,-3.61,93.3,-2.1,0.274,0.515,-0.04
225,Milwaukee Bucks,2018,0.5,25.9,44,38,-0.5,109.8,1.2,110.1,1.5,-0.3,96.2,-1.1,0.281,0.029,0.571,0.015,3,4,0.43,108.8,-0.1,109.4,0.5,-0.6,2.63,92.3,-3.1,0.254,0.585,0.03
226,Los Angeles Clippers,2018,0.2,27,42,40,0.2,110.3,1.7,110.2,1.6,0.1,98.7,1.4,0.299,0.047,0.564,0.008,,,,,,,,,,,,,,
227,Charlotte Hornets,2018,-0.1,26.6,36,46,0.1,109.4,0.8,109.1,0.5,0.3,98.4,1.1,0.312,0.06,0.549,-0.007,,,,,,,,,,,,,,
228,Portland Trail Blazers,2018,-0.1,25.6,49,33,2.6,109.1,0.5,106.4,-2.2,2.7,96.5,-0.8,0.24,-0.012,0.549,-0.007,0,4,0,106.9,-2,116,7.1,-9.1,-7.62,98.7,3.3,0.173,0.539,-0.016
229,Detroit Pistons,2018,-0.3,25.9,39,43,-0.3,107.2,-1.4,107.3,-1.3,-0.1,96.2,-1.1,0.227,-0.025,0.543,-0.013,,,,,,,,,,,,,,
230,Los Angeles Lakers,2018,-1.7,23.7,35,47,-1.4,106.5,-2.1,108,-0.6,-1.5,100.3,3,0.264,0.012,0.548,-0.008,,,,,,,,,,,,,,
231,Miami Heat,2018,-1.9,26.5,44,38,0.2,106.8,-1.8,106.3,-2.3,0.5,95.6,-1.7,0.229,-0.023,0.551,-0.005,1,4,0.2,103,-5.9,113.7,4.8,-10.7,-6.4,100.4,5,0.345,0.542,-0.013
232,Dallas Mavericks,2018,-3.4,27.7,24,58,-2.7,106.3,-2.3,109.5,0.9,-3.2,95.6,-1.7,0.217,-0.035,0.544,-0.012,,,,,,,,,,,,,,
233,New York Knicks,2018,-4,26.3,29,53,-3.5,107.1,-1.5,110.7,2.1,-3.6,96.8,-0.5,0.216,-0.036,0.544,-0.012,,,,,,,,,,,,,,
234,Brooklyn Nets,2018,-4.2,25.1,28,54,-3.7,106.9,-1.7,110.6,2,-3.7,98.9,1.6,0.26,0.008,0.551,-0.005,,,,,,,,,,,,,,
235,Orlando Magic,2018,-5.6,25.6,25,57,-4.9,105.2,-3.4,110.1,1.5,-4.9,98.1,0.8,0.238,-0.014,0.545,-0.011,,,,,,,,,,,,,,
236,Atlanta Hawks,2018,-6,25.4,24,58,-5.3,105,-3.6,110.6,2,-5.6,98.3,1,0.236,-0.016,0.547,-0.009,,,,,,,,,,,,,,
237,Memphis Grizzlies,2018,-6.6,26,22,60,-5.8,104.5,-4.1,111,2.4,-6.5,94.9,-2.4,0.255,0.003,0.539,-0.017,,,,,,,,,,,,,,
238,Sacramento Kings,2018,-7.2,26.4,27,55,-6.6,103.7,-4.9,111.1,2.5,-7.4,94.9,-2.4,0.194,-0.058,0.529,-0.027,,,,,,,,,,,,,,
239,Chicago Bulls,2018,-7.4,24.4,27,55,-6.8,103.8,-4.8,110.9,2.3,-7.1,98.3,1,0.216,-0.036,0.529,-0.027,,,,,,,,,,,,,,
240,Phoenix Suns,2018,-9.6,23.7,21,61,-8.8,103.5,-5.1,112.8,4.2,-9.3,100.3,3,0.275,0.023,0.532,-0.024,,,,,,,,,,,,,,
241,Golden State Warriors??,2017,18.7,28.2,67,15,11.4,115.6,6.8,104,-4.8,11.6,99.8,3.4,0.259,-0.012,0.597,0.045,16,1,0.94,119,7.7,105.5,-5.8,13.5,16.91,100.3,5.4,0.292,0.608,0.045
242,Cleveland Cavaliers,2017,11.3,29.2,51,31,2.9,113.6,4.8,110.3,1.5,3.3,96.2,-0.2,0.275,0.004,0.58,0.028,13,5,0.72,120.3,9,112.1,0.8,8.2,12.65,96.6,1.7,0.316,0.614,0.051
243,San Antonio Spurs,2017,8.9,29.6,61,21,7.1,111.1,2.3,103.5,-5.3,7.6,94.2,-2.2,0.263,-0.008,0.564,0.012,8,8,0.5,113.4,2.1,112.3,1,1.1,6.49,93.2,-1.7,0.277,0.551,-0.012
244,Houston Rockets,2017,7.7,27.4,55,27,5.8,114.7,5.9,109,0.2,5.7,100,3.6,0.304,0.033,0.583,0.031,6,5,0.55,110.7,-0.6,109.5,-1.8,1.2,5.61,96.4,1.5,0.304,0.559,-0.004
245,Los Angeles Clippers,2017,4.5,30,51,31,4.4,112.7,3.9,108.2,-0.6,4.5,96.1,-0.3,0.312,0.041,0.574,0.022,3,4,0.43,108.8,-2.5,110,-1.3,-1.2,2.8,89.8,-5.1,0.312,0.558,-0.005
246,Utah Jazz,2017,4.5,26.8,51,31,4,109.6,0.8,105.3,-3.5,4.3,91.6,-4.8,0.288,0.017,0.563,0.011,4,7,0.36,106.2,-5.1,111.3,0,-5.1,1.84,92.1,-2.8,0.298,0.552,-0.011
247,Washington Wizards,2017,2.6,26,49,33,1.4,111.2,2.4,109.3,0.5,1.9,97.4,1,0.254,-0.017,0.564,0.012,7,6,0.54,110.9,-0.4,110.9,-0.4,0,0.64,96.7,1.8,0.281,0.549,-0.014
248,Toronto Raptors,2017,1.8,26.1,51,31,3.7,112.3,3.5,107.8,-1,4.5,94.7,-1.7,0.293,0.022,0.561,0.009,4,6,0.4,103.8,-7.5,109.9,-1.4,-6.1,-5.22,93.1,-1.8,0.283,0.541,-0.022
249,Boston Celtics,2017,1.7,25.9,53,29,2.3,111.2,2.4,108.4,-0.4,2.8,96.8,0.4,0.273,0.002,0.567,0.015,9,9,0.5,111.4,0.1,114.5,3.2,-3.1,-1.76,93.9,-1,0.242,0.566,0.003
250,Miami Heat,2017,0.8,26.5,41,41,0.8,107.8,-1,106.7,-2.1,1.1,95.2,-1.2,0.251,-0.02,0.541,-0.011,,,,,,,,,,,,,,
251,Denver Nuggets,2017,0.7,25.2,40,42,0.7,113.2,4.4,112.7,3.9,0.5,98.3,1.9,0.276,0.005,0.568,0.016,,,,,,,,,,,,,,
252,Milwaukee Bucks,2017,0.3,25.6,42,40,-0.5,109.1,0.3,109.3,0.5,-0.2,94.5,-1.9,0.274,0.003,0.565,0.013,2,4,0.33,103,-8.3,103.7,-7.6,-0.7,2.95,90.5,-4.4,0.267,0.533,-0.03
253,Memphis Grizzlies,2017,0,29.5,43,39,1,107.7,-1.1,107.1,-1.7,0.6,92.3,-4.1,0.28,0.009,0.535,-0.017,2,4,0.33,110.3,-1,119.8,8.5,-9.5,-2.37,85.8,-9.1,0.263,0.559,-0.004
254,Oklahoma City Thunder,2017,-0.1,24.7,47,35,1.1,108.3,-0.5,107.5,-1.3,0.8,97.8,1.4,0.295,0.024,0.54,-0.012,1,4,0.2,105.7,-5.6,114.4,3.1,-8.7,-2.86,98.6,3.7,0.309,0.525,-0.038
255,Charlotte Hornets,2017,-0.3,26.5,36,46,-0.1,108.8,0,108.6,-0.2,0.2,95.7,-0.7,0.279,0.008,0.547,-0.005,,,,,,,,,,,,,,
256,Atlanta Hawks,2017,-1,27.9,43,39,-1.2,104.9,-3.9,105.7,-3.1,-0.8,97.4,1,0.295,0.024,0.541,-0.011,2,4,0.33,107.3,-4,108.5,-2.8,-1.2,0.16,98.4,3.5,0.343,0.542,-0.021
257,Minnesota Timberwolves,2017,-1,24,31,51,-0.6,110.8,2,112,3.2,-1.2,94.6,-1.8,0.287,0.016,0.555,0.003,,,,,,,,,,,,,,
258,Chicago Bulls,2017,-1.4,26.9,41,41,0,107.4,-1.4,107,-1.8,0.4,95.3,-1.1,0.259,-0.012,0.53,-0.022,2,4,0.33,104.8,-6.5,112.2,0.9,-7.4,-5.15,92.1,-2.8,0.24,0.529,-0.034
259,Detroit Pistons,2017,-1.4,25.4,37,45,-1.3,106,-2.8,107.1,-1.7,-1.1,95,-1.4,0.218,-0.053,0.521,-0.031,,,,,,,,,,,,,,
260,Indiana Pacers,2017,-1.8,27,42,40,-0.6,108.6,-0.2,108.8,0,-0.2,95.9,-0.5,0.261,-0.01,0.558,0.006,0,4,0,114.7,3.4,118.9,7.6,-4.2,-1.33,94.8,-0.1,0.247,0.564,0.001
261,New Orleans Pelicans,2017,-2,25.7,34,48,-1.7,105.2,-3.6,107.4,-1.4,-2.2,98,1.6,0.256,-0.015,0.539,-0.013,,,,,,,,,,,,,,
262,Portland Trail Blazers,2017,-2.5,24.8,41,41,-0.2,110.3,1.5,110.8,2,-0.5,96.7,0.3,0.275,0.004,0.559,0.007,0,4,0,99.3,-12,116.9,5.6,-17.6,-6.25,102.3,7.4,0.271,0.507,-0.056
263,Dallas Mavericks,2017,-2.8,27.6,33,49,-2.5,105.6,-3.2,108.8,0,-3.2,92.2,-4.2,0.225,-0.046,0.541,-0.011,,,,,,,,,,,,,,
264,Sacramento Kings,2017,-3.6,27.9,32,50,-3.3,107.3,-1.5,111.3,2.5,-4,94.9,-1.5,0.284,0.013,0.556,0.004,,,,,,,,,,,,,,
265,New York Knicks,2017,-4.3,27.3,31,51,-3.9,107.7,-1.1,111.5,2.7,-3.8,96,-0.4,0.239,-0.032,0.534,-0.018,,,,,,,,,,,,,,
266,Phoenix Suns,2017,-5.8,25,24,58,-5.1,106.6,-2.2,112.2,3.4,-5.6,100.3,3.9,0.297,0.026,0.538,-0.014,,,,,,,,,,,,,,
267,Philadelphia 76ers,2017,-6.4,24.6,28,54,-5.8,103.2,-5.6,108.9,0.1,-5.7,98.5,2.1,0.258,-0.013,0.539,-0.013,,,,,,,,,,,,,,
268,Los Angeles Lakers,2017,-6.9,25.1,26,56,-6.3,106,-2.8,113,4.2,-7,98.5,2.1,0.259,-0.012,0.537,-0.015,,,,,,,,,,,,,,
269,Orlando Magic,2017,-7.1,25.3,29,53,-6.6,103.7,-5.1,110.5,1.7,-6.8,96.8,0.4,0.246,-0.025,0.524,-0.028,,,,,,,,,,,,,,
270,Brooklyn Nets,2017,-7.6,26,20,62,-6.7,104.1,-4.7,110.7,1.9,-6.6,101.3,4.9,0.289,0.018,0.551,-0.001,,,,,,,,,,,,,,
271,Cleveland Cavaliers??,2016,14.2,28.1,57,25,5.5,110.9,4.5,104.5,-1.9,6.4,93.3,-2.5,0.259,-0.017,0.558,0.017,16,5,0.76,115.5,8.8,106,-0.7,9.5,14.87,90.7,-2.3,0.267,0.573,0.039
272,Oklahoma City Thunder,2016,12.9,25.8,55,27,7.1,113.1,6.7,105.6,-0.8,7.5,96.7,0.9,0.292,0.016,0.565,0.024,11,7,0.61,111.8,5.1,106.2,-0.5,5.6,13.06,95.2,2.2,0.326,0.551,0.017
273,San Antonio Spurs,2016,12.6,30.3,67,15,10.3,110.3,3.9,99,-7.4,11.3,93.8,-2,0.246,-0.03,0.564,0.023,6,4,0.6,111,4.3,101.1,-5.6,9.9,13.3,91.9,-1.1,0.248,0.557,0.023
274,Golden State Warriors,2016,12.1,27.4,73,9,10.4,114.5,8.1,103.8,-2.6,10.7,99.3,3.5,0.25,-0.026,0.593,0.052,15,9,0.63,110.5,3.8,106.1,-0.6,4.4,8.33,97,4,0.272,0.562,0.028
275,Miami Heat,2016,6.1,28.4,48,34,1.5,106.1,-0.3,104.4,-2,1.7,93.6,-2.2,0.282,0.006,0.545,0.004,7,7,0.5,105.1,-1.6,101.7,-5,3.4,6.62,90.2,-2.8,0.264,0.539,0.005
276,Los Angeles Clippers,2016,3.9,29.7,53,29,4.1,108.3,1.9,103.8,-2.6,4.5,95.8,0,0.318,0.042,0.556,0.015,2,4,0.33,104.9,-1.8,103.9,-2.8,1,1.98,93.7,0.7,0.345,0.502,-0.032
277,Atlanta Hawks,2016,3.6,28.2,48,34,3.5,105.1,-1.3,101.4,-5,3.7,97.1,1.3,0.237,-0.039,0.552,0.011,4,6,0.4,103.5,-3.2,104.5,-2.2,-1,2.88,95.7,2.7,0.242,0.533,-0.001
278,Portland Trail Blazers,2016,3.4,24.3,44,38,1,108.8,2.4,108,1.6,0.8,96,0.2,0.268,-0.008,0.548,0.007,5,6,0.45,108.1,1.4,110.7,4,-2.6,4.37,96.2,3.2,0.287,0.523,-0.011
279,Indiana Pacers,2016,2.9,26.9,45,37,1.6,104.6,-1.8,102.9,-3.5,1.7,96.6,0.8,0.268,-0.008,0.536,-0.005,3,4,0.43,105.5,-1.2,103.9,-2.8,1.6,5.68,88.8,-4.2,0.319,0.549,0.015
280,Toronto Raptors,2016,2.4,26.3,56,26,4.1,110,3.6,105.2,-1.2,4.8,92.9,-2.9,0.328,0.052,0.552,0.011,10,10,0.5,102.8,-3.9,107.5,0.8,-4.7,-1.97,89.4,-3.6,0.301,0.507,-0.027
281,Utah Jazz,2016,1.8,24.2,40,42,1.8,105.9,-0.5,103.9,-2.5,2,91,-4.8,0.286,0.01,0.54,-0.001,,,,,,,,,,,,,,
282,Boston Celtics,2016,1.4,25.2,48,34,2.8,106.8,0.4,103.6,-2.8,3.2,98.5,2.7,0.264,-0.012,0.531,-0.01,2,4,0.33,93.8,-12.9,100.5,-6.2,-6.7,-3.21,98.3,5.3,0.235,0.475,-0.059
283,Charlotte Hornets,2016,0,26,48,34,2.4,107.1,0.7,104.3,-2.1,2.8,95.7,-0.1,0.28,0.004,0.545,0.004,3,4,0.43,99.2,-7.5,109,2.3,-9.8,-8.3,91,-2,0.309,0.494,-0.04
284,Washington Wizards,2016,-0.5,27.3,41,41,-0.5,105.3,-1.1,105.8,-0.6,-0.5,98.5,2.7,0.263,-0.013,0.544,0.003,,,,,,,,,,,,,,
285,Chicago Bulls,2016,-1.4,27.6,42,40,-1.5,105,-1.4,106.5,0.1,-1.5,95.7,-0.1,0.24,-0.036,0.526,-0.015,,,,,,,,,,,,,,
286,Detroit Pistons,2016,-1.4,25,44,38,0.4,106.1,-0.3,105.5,-0.9,0.6,95.1,-0.7,0.296,0.02,0.522,-0.019,0,4,0,109.4,2.7,119.2,12.5,-9.8,-4.35,86.8,-6.2,0.292,0.559,0.025
287,Orlando Magic,2016,-1.9,23.9,35,47,-1.7,105.1,-1.3,106.8,0.4,-1.7,96,0.2,0.232,-0.044,0.533,-0.008,,,,,,,,,,,,,,
288,Houston Rockets,2016,-2.4,27.8,41,41,0.3,108.3,1.9,108.1,1.7,0.2,97.6,1.8,0.352,0.076,0.553,0.012,1,4,0.2,92.7,-14,111.8,5.1,-19.1,-8.72,98.4,5.4,0.32,0.467,-0.067
289,Sacramento Kings,2016,-2.6,26.6,33,49,-2.3,106,-0.4,108.4,2,-2.4,100,4.2,0.295,0.019,0.546,0.005,,,,,,,,,,,,,,
290,Denver Nuggets,2016,-3.1,24.7,33,49,-2.8,105.6,-0.8,108.9,2.5,-3.3,95.7,-0.1,0.282,0.006,0.531,-0.01,,,,,,,,,,,,,,
291,New York Knicks,2016,-3.1,27.2,32,50,-2.7,104.6,-1.8,107.6,1.2,-3,93.4,-2.4,0.255,-0.021,0.527,-0.014,,,,,,,,,,,,,,
292,Dallas Mavericks,2016,-3.7,30.3,42,40,0,106.7,0.3,107,0.6,-0.3,94.3,-1.5,0.265,-0.011,0.544,0.003,1,4,0.2,102.1,-4.6,122,15.3,-19.9,-12.81,91.8,-1.2,0.298,0.511,-0.023
293,Minnesota Timberwolves,2016,-3.9,24.6,29,53,-3.4,106.5,0.1,110.1,3.7,-3.6,95.2,-0.6,0.332,0.056,0.549,0.008,,,,,,,,,,,,,,
294,New Orleans Pelicans,2016,-4,26.6,30,52,-3.6,105.6,-0.8,109.5,3.1,-3.9,96.8,1,0.259,-0.017,0.537,-0.004,,,,,,,,,,,,,,
295,Milwaukee Bucks,2016,-4.3,23.5,33,49,-4,104.3,-2.1,108.7,2.3,-4.4,94.2,-1.6,0.276,0,0.537,-0.004,,,,,,,,,,,,,,
296,Memphis Grizzlies,2016,-5.6,30.5,42,40,-2.1,105.4,-1,107.8,1.4,-2.4,93.3,-2.5,0.295,0.019,0.524,-0.017,0,4,0,90.9,-15.8,115.6,8.9,-24.7,-14.42,89.1,-3.9,0.215,0.455,-0.079
297,Phoenix Suns,2016,-7.1,26,23,59,-6.3,102.2,-4.2,109,2.6,-6.8,98.5,2.7,0.271,-0.005,0.526,-0.015,,,,,,,,,,,,,,
298,Brooklyn Nets,2016,-7.9,26.9,21,61,-7.1,103.2,-3.2,110.9,4.5,-7.7,95.2,-0.6,0.246,-0.03,0.527,-0.014,,,,,,,,,,,,,,
299,Los Angeles Lakers,2016,-9.9,26.5,17,65,-8.9,101.6,-4.8,111.6,5.2,-10,95.6,-0.2,0.292,0.016,0.509,-0.032,,,,,,,,,,,,,,
300,Philadelphia 76ers,2016,-11.2,23.3,10,72,-9.9,98.8,-7.6,109.2,2.8,-10.4,97.9,2.1,0.269,-0.007,0.519,-0.022,,,,,,,,,,,,,,
301,Golden State Warriors??,2015,14.4,26.6,67,15,10,111.6,6,101.4,-4.2,10.2,98.3,4.4,0.239,-0.034,0.571,0.037,16,5,0.76,108.7,3.4,100.5,-4.8,8.2,11.52,93.7,-0.7,0.263,0.55,0.024
302,Cleveland Cavaliers,2015,9.5,26.9,53,29,4.1,111.1,5.5,106.3,0.7,4.8,92.3,-1.6,0.287,0.014,0.557,0.023,14,6,0.7,107.4,2.1,103.1,-2.2,4.3,8.94,90.7,-3.7,0.325,0.524,-0.002
303,Los Angeles Clippers,2015,8.4,28.8,56,26,6.8,112.4,6.8,105.5,-0.1,6.9,94.7,0.8,0.303,0.03,0.565,0.031,7,7,0.5,108.4,3.1,107.1,1.8,1.3,6.38,98.7,4.3,0.361,0.548,0.022
304,San Antonio Spurs,2015,7.2,29.8,55,27,6.3,108.5,2.9,102,-3.6,6.5,93.8,-0.1,0.256,-0.017,0.555,0.021,3,4,0.43,107.8,2.5,107.3,2,0.5,7.3,94.5,0.1,0.298,0.536,0.01
305,Memphis Grizzlies,2015,6.4,29.6,55,27,3.6,105.7,0.1,102.2,-3.4,3.5,92,-1.9,0.276,0.003,0.531,-0.003,6,5,0.55,103,-2.3,104.4,-0.9,-1.4,6.06,91.9,-2.5,0.27,0.503,-0.023
306,Houston Rockets,2015,6.2,27.6,56,26,3.8,107,1.4,103.4,-2.2,3.6,96.5,2.6,0.312,0.039,0.548,0.014,9,8,0.53,106.6,1.3,109,3.7,-2.4,4.33,101.5,7.1,0.44,0.544,0.018
307,Chicago Bulls,2015,5.2,28.8,50,32,2.5,107.5,1.9,104.3,-1.3,3.2,92.8,-1.1,0.304,0.031,0.536,0.002,6,6,0.5,104.4,-0.9,100.7,-4.6,3.7,5.7,90.4,-4,0.257,0.515,-0.011
308,Atlanta Hawks,2015,3.8,27.8,60,22,4.8,108.9,3.3,103.1,-2.5,5.8,93.9,0,0.259,-0.014,0.563,0.029,8,8,0.5,103.4,-1.9,103.6,-1.7,-0.2,-0.29,93.5,-0.9,0.227,0.521,-0.005
309,Washington Wizards,2015,2.9,28.6,46,36,0.2,103.7,-1.9,103,-2.6,0.7,93.7,-0.2,0.259,-0.014,0.534,0,6,4,0.6,105.8,0.5,101.7,-3.6,4.1,7.93,94.6,0.2,0.28,0.533,0.007
310,Oklahoma City Thunder,2015,2.7,25.4,45,37,2.5,107.8,2.2,105.5,-0.1,2.3,95.7,1.8,0.284,0.011,0.532,-0.002,,,,,,,,,,,,,,
311,Dallas Mavericks,2015,2.3,29.9,50,32,3.4,109.5,3.9,106.4,0.8,3.1,95.2,1.3,0.262,-0.011,0.55,0.016,1,4,0.2,107.9,2.6,112,6.7,-4.1,-0.28,101.9,7.5,0.274,0.534,0.008
312,Portland Trail Blazers,2015,2.2,27,51,31,4.4,108.2,2.6,103.7,-1.9,4.5,94.2,0.3,0.225,-0.048,0.544,0.01,1,4,0.2,101.9,-3.4,109.3,4,-7.4,-3.78,92,-2.4,0.258,0.504,-0.022
313,Utah Jazz,2015,0.6,23.4,38,44,0.7,105.1,-0.5,104.9,-0.7,0.2,90.4,-3.5,0.297,0.024,0.531,-0.003,,,,,,,,,,,,,,
314,New Orleans Pelicans,2015,0.4,25.3,45,37,1.1,108.2,2.6,107.3,1.7,0.9,91.4,-2.5,0.263,-0.01,0.537,0.003,0,4,0,106.8,1.5,115.2,9.9,-8.4,1.61,92,-2.4,0.264,0.536,0.01
315,Indiana Pacers,2015,-0.3,28.3,38,44,-0.2,103.5,-2.1,103.2,-2.4,0.3,93.2,-0.7,0.266,-0.007,0.523,-0.011,,,,,,,,,,,,,,
316,Phoenix Suns,2015,-0.4,25.7,39,43,-0.4,105.3,-0.3,106.2,0.6,-0.9,96.3,2.4,0.251,-0.022,0.537,0.003,,,,,,,,,,,,,,
317,Toronto Raptors,2015,-1.6,26.1,49,33,2.5,111,5.4,107.7,2.1,3.3,92.8,-1.1,0.295,0.022,0.553,0.019,0,4,0,99.3,-6,113.7,8.4,-14.4,-14.23,94.5,0.1,0.241,0.493,-0.033
318,Detroit Pistons,2015,-1.7,25.9,32,50,-1.4,105.3,-0.3,106.4,0.8,-1.1,92.8,-1.1,0.261,-0.012,0.515,-0.019,,,,,,,,,,,,,,
319,Boston Celtics,2015,-2.6,25,40,42,-0.4,104.7,-0.9,104.5,-1.1,0.2,95.8,1.9,0.233,-0.04,0.523,-0.011,0,4,0,101.5,-3.8,111.5,6.2,-10,-5.92,93.3,-1.1,0.308,0.504,-0.022
320,Milwaukee Bucks,2015,-2.8,24.6,41,41,-0.1,102.7,-2.9,102.2,-3.4,0.5,94.1,0.2,0.258,-0.015,0.536,0.002,2,4,0.33,91.8,-13.5,104.6,-0.7,-12.8,-10.26,93.1,-1.3,0.236,0.455,-0.071
321,Brooklyn Nets,2015,-2.9,28.6,38,44,-3.1,104.4,-1.2,107.4,1.8,-3,92.7,-1.2,0.267,-0.006,0.529,-0.005,2,4,0.33,100.8,-4.5,106.5,1.2,-5.7,-0.95,94,-0.4,0.251,0.522,-0.004
322,Miami Heat,2015,-3.1,28.5,37,45,-2.9,103.9,-1.7,106.7,1.1,-2.8,90.9,-3,0.306,0.033,0.54,0.006,,,,,,,,,,,,,,
323,Denver Nuggets,2015,-3.5,26.4,30,52,-3.1,104.5,-1.1,108.2,2.6,-3.7,96.1,2.2,0.278,0.005,0.518,-0.016,,,,,,,,,,,,,,
324,Sacramento Kings,2015,-3.6,26,29,53,-3.1,105.3,-0.3,109.2,3.6,-3.9,95.4,1.5,0.363,0.09,0.542,0.008,,,,,,,,,,,,,,
325,Charlotte Hornets,2015,-3.8,26,33,49,-3.4,100.1,-5.5,103.5,-2.1,-3.4,93,-0.9,0.269,-0.004,0.498,-0.036,,,,,,,,,,,,,,
326,Orlando Magic,2015,-6.5,24.3,25,57,-5.9,101.6,-4,107.7,2.1,-6.1,93.8,-0.1,0.23,-0.043,0.524,-0.01,,,,,,,,,,,,,,
327,Los Angeles Lakers,2015,-7,27,21,61,-6.2,103.4,-2.2,110.6,5,-7.2,94,0.1,0.276,0.003,0.513,-0.021,,,,,,,,,,,,,,
328,Minnesota Timberwolves,2015,-9,24.4,16,66,-8,102.9,-2.7,112.2,6.6,-9.3,94.4,0.5,0.309,0.036,0.517,-0.017,,,,,,,,,,,,,,
329,Philadelphia 76ers,2015,-10,23.2,18,64,-9,95.5,-10.1,104.8,-0.8,-9.3,95.7,1.8,0.288,0.015,0.494,-0.04,,,,,,,,,,,,,,
330,New York Knicks,2015,-10.5,26.9,17,65,-9.5,99.9,-5.7,110,4.4,-10.1,91.2,-2.7,0.234,-0.039,0.508,-0.026,,,,,,,,,,,,,,
331,San Antonio Spurs??,2014,15,28.9,62,20,8,110.5,3.8,102.4,-4.3,8.1,95,1.1,0.24,-0.044,0.571,0.03,16,7,0.7,114.2,5.5,104.2,-4.5,10,14.49,92.7,2.1,0.291,0.583,0.035
332,Los Angeles Clippers,2014,9.4,28.1,57,25,7.3,112.1,5.4,104.8,-1.9,7.3,95.9,2,0.353,0.069,0.567,0.026,6,7,0.46,113.3,4.6,111.3,2.6,2,7.85,96,5.4,0.334,0.555,0.007
333,Oklahoma City Thunder,2014,7.5,26.2,59,23,6.7,110.5,3.8,103.9,-2.8,6.6,95.4,1.5,0.303,0.019,0.566,0.025,10,9,0.53,108.1,-0.6,109.2,0.5,-1.1,4.53,92.3,1.7,0.327,0.551,0.003
334,Miami Heat,2014,6.8,30.6,54,28,4.2,110.9,4.2,105.8,-0.9,5.1,91.2,-2.7,0.3,0.016,0.59,0.049,13,7,0.65,112.8,4.1,110.8,2.1,2,4.52,86.2,-4.4,0.305,0.594,0.046
335,Houston Rockets,2014,5.3,25.4,54,28,5.1,111,4.3,106.3,-0.4,4.7,96.3,2.4,0.386,0.102,0.571,0.03,2,4,0.33,114.8,6.1,114.4,5.7,0.4,4.84,92.7,2.1,0.325,0.534,-0.014
336,Golden State Warriors,2014,5,26.3,51,31,5.2,107.5,0.8,102.6,-4.1,4.9,96.2,2.3,0.247,-0.037,0.55,0.009,3,4,0.43,110.2,1.5,114.8,6.1,-4.6,2.67,96.6,6,0.335,0.558,0.01
337,Portland Trail Blazers,2014,4.6,25.8,54,28,4.4,111.5,4.8,107.4,0.7,4.1,94.9,1,0.27,-0.014,0.548,0.007,5,6,0.45,107.2,-1.5,113.6,4.9,-6.4,0,94.6,4,0.281,0.529,-0.019
338,Dallas Mavericks,2014,4.1,30.6,49,33,2.9,111.2,4.5,108.7,2,2.5,93.5,-0.4,0.253,-0.031,0.564,0.023,3,4,0.43,110,1.3,112.1,3.4,-2.1,5.9,92,1.4,0.217,0.532,-0.016
339,Indiana Pacers,2014,3.5,27.2,56,26,3.6,104.1,-2.6,99.3,-7.4,4.8,92.5,-1.4,0.29,0.006,0.535,-0.006,10,9,0.53,103.7,-5,104.8,-3.9,-1.1,0.04,88.3,-2.3,0.314,0.54,-0.008
340,Phoenix Suns,2014,3.3,26.2,48,34,3,109.5,2.8,106.7,0,2.8,95.8,1.9,0.293,0.009,0.558,0.017,,,,,,,,,,,,,,
341,Minnesota Timberwolves,2014,3.1,26.3,40,42,3.1,108.9,2.2,106.2,-0.5,2.7,97.3,3.4,0.321,0.037,0.535,-0.006,,,,,,,,,,,,,,
342,Washington Wizards,2014,3,26.3,44,38,0.5,106,-0.7,104.6,-2.1,1.4,93.2,-0.7,0.248,-0.036,0.538,-0.003,6,5,0.55,102,-6.7,100.9,-7.8,1.1,3.63,87.8,-2.8,0.285,0.504,-0.044
343,Memphis Grizzlies,2014,2.3,28.5,50,32,2.2,106.3,-0.4,104.6,-2.1,1.7,89.9,-4,0.248,-0.036,0.529,-0.012,3,4,0.43,102.8,-5.9,108.5,-0.2,-5.7,0.96,88.8,-1.8,0.293,0.486,-0.062
344,Toronto Raptors,2014,1.4,25.6,48,34,2.6,108.8,2.1,105.3,-1.4,3.5,91.8,-2.1,0.306,0.022,0.545,0.004,3,4,0.43,108.2,-0.5,110,1.3,-1.8,-3.38,88.8,-1.8,0.391,0.553,0.005
345,Brooklyn Nets,2014,0.7,30,44,38,-1.6,106.7,0,107.7,1,-1,91.4,-2.5,0.313,0.029,0.555,0.014,5,7,0.42,110.5,1.8,112,3.3,-1.5,1.72,86.4,-4.2,0.33,0.555,0.007
346,Atlanta Hawks,2014,-0.1,27.5,38,44,-0.9,105.9,-0.8,106.4,-0.3,-0.5,94.6,0.7,0.266,-0.018,0.554,0.013,3,4,0.43,101.9,-6.8,103,-5.7,-1.1,2.53,90.7,0.1,0.316,0.515,-0.033
347,Chicago Bulls,2014,-0.5,28.6,48,34,1.2,102.5,-4.2,100.5,-6.2,2,90.2,-3.7,0.29,0.006,0.518,-0.023,1,4,0.2,103,-5.7,108.3,-0.4,-5.3,-4.82,85.6,-5,0.29,0.508,-0.04
348,Charlotte Bobcats,2014,-0.8,25.5,43,39,-0.9,103.6,-3.1,103.8,-2.9,-0.2,92.4,-1.5,0.297,0.013,0.522,-0.019,,,,,,,,,,,,,,
349,New York Knicks,2014,-1.5,28.3,37,45,-1.4,108.3,1.6,109.1,2.4,-0.8,90.3,-3.6,0.248,-0.036,0.541,0,,,,,,,,,,,,,,
350,Denver Nuggets,2014,-1.6,26,36,46,-1.4,106,-0.7,108.2,1.5,-2.2,98.1,4.2,0.306,0.022,0.536,-0.005,,,,,,,,,,,,,,
351,New Orleans Pelicans,2014,-2.2,24.3,34,48,-2,107.2,0.5,110.1,3.4,-2.9,92.2,-1.7,0.286,0.002,0.537,-0.004,,,,,,,,,,,,,,
352,Sacramento Kings,2014,-2.6,24.9,28,54,-2.1,105.7,-1,108.8,2.1,-3.1,94.4,0.5,0.331,0.047,0.532,-0.009,,,,,,,,,,,,,,
353,Cleveland Cavaliers,2014,-4.2,24.9,33,49,-3.9,104.2,-2.5,107.7,1,-3.5,93.1,-0.8,0.268,-0.016,0.518,-0.023,,,,,,,,,,,,,,
354,Detroit Pistons,2014,-4.6,24.7,29,53,-4.1,105.9,-0.8,109.7,3,-3.8,94.9,1,0.296,0.012,0.514,-0.027,,,,,,,,,,,,,,
355,Boston Celtics,2014,-5.6,25.4,25,57,-5,102.9,-3.8,107.7,1,-4.8,93.3,-0.6,0.248,-0.036,0.517,-0.024,,,,,,,,,,,,,,
356,Los Angeles Lakers,2014,-5.9,26.8,27,55,-5.3,104.2,-2.5,110.6,3.9,-6.4,98.7,4.8,0.263,-0.021,0.542,0.001,,,,,,,,,,,,,,
357,Orlando Magic,2014,-6.6,24.6,23,59,-5.9,101.7,-5,107.4,0.7,-5.7,93.6,-0.3,0.253,-0.031,0.525,-0.016,,,,,,,,,,,,,,
358,Utah Jazz,2014,-6.9,24.5,25,57,-6.3,103.5,-3.2,111.3,4.6,-7.8,91.4,-2.5,0.271,-0.013,0.523,-0.018,,,,,,,,,,,,,,
359,Milwaukee Bucks,2014,-9.5,24.7,15,67,-8.4,103,-3.7,111.8,5.1,-8.8,91.8,-2.1,0.274,-0.01,0.519,-0.022,,,,,,,,,,,,,,
360,Philadelphia 76ers,2014,-11.6,23.4,19,63,-10.7,99.4,-7.3,109.9,3.2,-10.5,99.2,5.3,0.268,-0.016,0.51,-0.031,,,,,,,,,,,,,,
361,San Antonio Spurs,2013,12.3,28.6,58,24,6.7,108.3,2.4,101.6,-4.3,6.7,94.2,2.2,0.258,-0.012,0.568,0.033,15,6,0.71,108.7,3.9,101.1,-3.7,7.6,11.43,89.6,0.1,0.261,0.547,0.018
362,Miami Heat??,2013,12.1,30.3,66,16,7,112.3,6.4,103.7,-2.2,8.6,90.7,-1.3,0.297,0.027,0.588,0.053,16,7,0.7,110.2,5.4,102.9,-1.9,7.3,10.02,87.3,-2.2,0.303,0.559,0.03
363,Oklahoma City Thunder,2013,9.7,26,60,22,9.2,112.4,6.5,102.6,-3.3,9.8,93.3,1.3,0.338,0.068,0.58,0.045,5,6,0.45,105.1,0.3,103.7,-1.1,1.4,5.38,92.8,3.3,0.295,0.534,0.005
364,Memphis Grizzlies,2013,8.7,27,56,26,4.3,104.9,-1,100.3,-5.6,4.6,88.4,-3.6,0.261,-0.009,0.514,-0.021,8,7,0.53,105,0.2,104.3,-0.5,0.7,8.1,88.4,-1.1,0.357,0.502,-0.027
365,New York Knicks,2013,5.7,30.2,54,28,3.7,111.1,5.2,106.3,0.4,4.8,89.8,-2.2,0.258,-0.012,0.55,0.015,6,6,0.5,101.4,-3.4,98.3,-6.5,3.1,4.46,86.6,-2.9,0.222,0.498,-0.031
366,Indiana Pacers,2013,5.6,25.7,49,32,3.3,104.3,-1.6,99.8,-6.1,4.5,90.2,-1.8,0.293,0.023,0.521,-0.014,11,8,0.58,104.5,-0.3,104.4,-0.4,0.1,3.84,87.3,-2.2,0.384,0.528,-0.001
367,Los Angeles Clippers,2013,4.8,28.8,56,26,6.4,110.6,4.7,103.6,-2.3,7,91.1,-0.9,0.286,0.016,0.557,0.022,2,4,0.33,107.5,2.7,113.8,9,-6.3,-1.98,88,-1.5,0.314,0.552,0.023
368,Golden State Warriors,2013,4.4,25.3,47,35,1.3,106.4,0.5,105.5,-0.4,0.9,94.5,2.5,0.255,-0.015,0.545,0.01,6,6,0.5,106.4,1.6,106.2,1.4,0.2,6.22,94,4.5,0.258,0.546,0.017
369,Denver Nuggets,2013,3.7,26.1,57,25,5.4,110.4,4.5,105.1,-0.8,5.3,95.1,3.1,0.308,0.038,0.549,0.014,2,4,0.33,105.9,1.1,110.2,5.4,-4.3,-2.98,97.2,7.7,0.35,0.526,-0.003
370,Houston Rockets,2013,3.5,24.4,45,37,3.7,109.7,3.8,106.1,0.2,3.6,96.1,4.1,0.308,0.038,0.564,0.029,2,4,0.33,105.3,0.5,111.4,6.6,-6.1,3.05,95,5.5,0.342,0.537,0.008
371,Brooklyn Nets,2013,1.9,28.6,49,33,1.3,108.2,2.3,106.2,0.3,2,88.8,-3.2,0.299,0.029,0.536,0.001,3,4,0.43,107.8,3,105.6,0.8,2.2,2.18,88.3,-1.2,0.304,0.524,-0.005
372,Utah Jazz,2013,0.4,26.3,43,39,0.3,106.7,0.8,106.8,0.9,-0.1,90.9,-1.1,0.281,0.011,0.533,-0.002,,,,,,,,,,,,,,
373,Chicago Bulls,2013,-0.1,28,45,37,0,103.5,-2.4,103.2,-2.7,0.3,89.3,-2.7,0.259,-0.011,0.512,-0.023,5,7,0.42,102.5,-2.3,110,5.2,-7.5,-3.84,87.4,-2.1,0.287,0.511,-0.018
374,Dallas Mavericks,2013,-0.2,29.5,41,41,-0.2,105.9,0,106.5,0.6,-0.6,94.1,2.1,0.242,-0.028,0.544,0.009,,,,,,,,,,,,,,
375,Atlanta Hawks,2013,-0.7,27.1,44,38,-0.1,104.8,-1.1,104.4,-1.5,0.4,92.6,0.6,0.244,-0.026,0.546,0.011,2,4,0.33,98,-6.8,103.6,-1.2,-5.6,-2.26,91.2,1.7,0.338,0.503,-0.026
376,Boston Celtics,2013,-1.2,29.1,41,40,-0.6,103.1,-2.8,103.3,-2.6,-0.2,91.7,-0.3,0.263,-0.007,0.542,0.007,2,4,0.33,92.9,-11.9,98.9,-5.9,-6,-2.27,87.1,-2.4,0.312,0.525,-0.004
377,Minnesota Timberwolves,2013,-2.2,26.4,31,51,-1.8,102.9,-3,105.4,-0.5,-2.5,92.8,0.8,0.305,0.035,0.516,-0.019,,,,,,,,,,,,,,
378,Toronto Raptors,2013,-2.2,25.4,34,48,-2,105.9,0,107.5,1.6,-1.6,90.4,-1.6,0.274,0.004,0.532,-0.003,,,,,,,,,,,,,,
379,Los Angeles Lakers,2013,-2.4,30.7,45,37,1.5,107.8,1.9,106.6,0.7,1.2,94.4,2.4,0.345,0.075,0.548,0.013,0,4,0,92.5,-12.3,112.9,8.1,-20.4,-13.73,92.1,2.6,0.237,0.495,-0.034
380,Portland Trail Blazers,2013,-2.8,24.4,33,49,-2.5,105.8,-0.1,109.2,3.3,-3.4,91.4,-0.6,0.25,-0.02,0.536,0.001,,,,,,,,,,,,,,
381,Washington Wizards,2013,-3.3,25.4,29,53,-2.8,100.2,-5.7,103,-2.9,-2.8,92.2,0.2,0.261,-0.009,0.512,-0.023,,,,,,,,,,,,,,
382,New Orleans Hornets,2013,-3.7,24,27,55,-3.1,105.7,-0.2,110.1,4.2,-4.4,88.5,-3.5,0.248,-0.022,0.528,-0.007,,,,,,,,,,,,,,
383,Philadelphia 76ers,2013,-3.8,25.2,34,48,-3.5,102,-3.9,105.7,-0.2,-3.7,91,-1,0.2,-0.07,0.509,-0.026,,,,,,,,,,,,,,
384,Milwaukee Bucks,2013,-4.5,26.4,38,44,-1.8,103.6,-2.3,105.2,-0.7,-1.6,94.7,2.7,0.236,-0.034,0.51,-0.025,0,4,0,94,-10.8,110.3,5.5,-16.3,-9.27,90.7,1.2,0.264,0.498,-0.031
385,Detroit Pistons,2013,-4.8,25.3,29,53,-4.3,103.8,-2.1,108.1,2.2,-4.3,90.8,-1.2,0.282,0.012,0.521,-0.014,,,,,,,,,,,,,,
386,Sacramento Kings,2013,-4.8,25.6,28,54,-4.3,106.2,0.3,111.4,5.5,-5.2,93.6,1.6,0.271,0.001,0.532,-0.003,,,,,,,,,,,,,,
387,Cleveland Cavaliers,2013,-5.6,24.1,24,58,-4.9,104.3,-1.6,109.4,3.5,-5.1,92.3,0.3,0.265,-0.005,0.514,-0.021,,,,,,,,,,,,,,
388,Phoenix Suns,2013,-6.4,26.9,25,57,-5.8,101.2,-4.7,108.1,2.2,-6.9,93.4,1.4,0.234,-0.036,0.512,-0.023,,,,,,,,,,,,,,
389,Orlando Magic,2013,-8,24.6,20,62,-7.1,101.6,-4.3,109.1,3.2,-7.5,92.2,0.2,0.197,-0.073,0.514,-0.021,,,,,,,,,,,,,,
390,Charlotte Bobcats,2013,-10.1,24.4,21,61,-9.3,101.5,-4.4,111.5,5.6,-10,91.5,-0.5,0.31,0.04,0.507,-0.028,,,,,,,,,,,,,,
391,Miami Heat??,2012,12,28.3,46,20,5.7,106.6,2,100.2,-4.4,6.4,91.2,-0.1,0.307,0.031,0.549,0.022,16,7,0.7,109.6,6,101.6,-2,8,11.29,88,-1,0.364,0.552,0.032
392,San Antonio Spurs,2012,11.9,27.5,50,16,7.3,110.9,6.3,103.2,-1.4,7.7,92.9,1.6,0.261,-0.015,0.562,0.035,10,4,0.71,110.3,6.7,103.9,0.3,6.4,10.23,92.4,3.4,0.29,0.574,0.054
393,Oklahoma City Thunder,2012,10.5,25.1,47,19,6.4,109.8,5.2,103.2,-1.4,6.6,93,1.7,0.334,0.058,0.567,0.04,13,7,0.65,111.8,8.2,107.4,3.8,4.4,8.86,90.6,1.6,0.306,0.558,0.038
394,Chicago Bulls,2012,6.6,27.1,50,16,7.4,107.4,2.8,98.3,-6.3,9.1,89.1,-2.2,0.255,-0.021,0.523,-0.004,2,4,0.33,95.7,-7.9,97.6,-6,-1.9,1.69,88.1,-0.9,0.229,0.475,-0.045
395,Boston Celtics,2012,5.9,29.3,39,27,2.3,101,-3.6,98.2,-6.4,2.8,90.4,-0.9,0.257,-0.019,0.535,0.008,11,9,0.55,100.4,-3.2,99.2,-4.4,1.2,5.26,87.8,-1.2,0.28,0.516,-0.004
396,Indiana Pacers,2012,5.2,26.3,42,24,2.6,106.7,2.1,103.1,-1.5,3.6,90.7,-0.6,0.321,0.045,0.526,-0.001,6,5,0.55,102.4,-1.2,100.9,-2.7,1.5,4.83,88,-1,0.289,0.507,-0.013
397,Philadelphia 76ers,2012,4.9,24.9,35,31,3.6,103.9,-0.7,99.2,-5.4,4.7,89.7,-1.6,0.217,-0.059,0.511,-0.016,7,6,0.54,96.9,-6.7,98.3,-5.3,-1.4,3.25,88.5,-0.5,0.312,0.482,-0.038
398,Denver Nuggets,2012,3.3,26.6,38,28,3.2,109.2,4.6,106.2,1.6,3,94.2,2.9,0.326,0.05,0.556,0.029,3,4,0.43,107.1,3.5,106.6,3,0.5,2.46,90.3,1.3,0.227,0.492,-0.028
399,Memphis Grizzlies,2012,3.2,25.6,41,25,2.4,104,-0.6,101.8,-2.8,2.2,90.8,-0.5,0.277,0.001,0.515,-0.012,3,4,0.43,102.8,-0.8,102,-1.6,0.8,3.62,87.7,-1.3,0.403,0.509,-0.011
400,Los Angeles Clippers,2012,2.7,27.3,40,26,2.8,108.5,3.9,105.7,1.1,2.8,89.2,-2.1,0.287,0.011,0.533,0.006,4,7,0.36,101.3,-2.3,106.5,2.9,-5.2,-1.01,88.9,-0.1,0.315,0.53,0.01
401,Los Angeles Lakers,2012,2.7,29.7,41,25,2,106,1.4,104.4,-0.2,1.6,90.5,-0.8,0.299,0.023,0.534,0.007,5,7,0.42,105.4,1.8,110,6.4,-4.6,-0.07,89.2,0.2,0.285,0.502,-0.018
402,Atlanta Hawks,2012,1.4,27.9,40,26,2.7,104.9,0.3,101.2,-3.4,3.7,90.2,-1.1,0.259,-0.017,0.535,0.008,2,4,0.33,91.8,-11.8,97.1,-6.5,-5.3,-3.04,87.9,-1.1,0.204,0.475,-0.045
403,Houston Rockets,2012,0.7,26.2,34,32,0.6,105.5,0.9,105.2,0.6,0.3,91.7,0.4,0.235,-0.041,0.529,0.002,,,,,,,,,,,,,,
404,Dallas Mavericks,2012,0.4,31.3,36,30,1.8,103.3,-1.3,102.3,-2.3,1,91.4,0.1,0.246,-0.03,0.527,0,0,4,0,102.9,-0.7,110.1,6.5,-7.2,-0.76,90.6,1.6,0.343,0.519,-0.001
405,Phoenix Suns,2012,0.3,28.9,33,33,0.3,106.2,1.6,106.5,1.9,-0.3,92.6,1.3,0.257,-0.019,0.536,0.009,,,,,,,,,,,,,,
406,Milwaukee Bucks,2012,-0.3,26.2,31,35,-0.2,105.5,0.9,105.2,0.6,0.3,93.7,2.4,0.25,-0.026,0.521,-0.006,,,,,,,,,,,,,,
407,Portland Trail Blazers,2012,-0.5,27.5,28,38,-0.2,105.7,1.1,106.4,1.8,-0.7,91.2,-0.1,0.263,-0.013,0.531,0.004,,,,,,,,,,,,,,
408,New York Knicks,2012,-1.2,26.3,36,30,2.4,104.4,-0.2,101,-3.6,3.4,93.2,1.9,0.306,0.03,0.533,0.006,1,4,0.2,95.2,-8.4,111.3,7.7,-16.1,-10.38,86.9,-2.1,0.297,0.499,-0.021
409,Minnesota Timberwolves,2012,-2.2,24.4,26,40,-1.8,104.3,-0.3,106.6,2,-2.3,93.3,2,0.306,0.03,0.524,-0.003,,,,,,,,,,,,,,
410,Utah Jazz,2012,-2.2,25.6,36,30,0.9,106.8,2.2,106.1,1.5,0.7,91.4,0.1,0.302,0.026,0.525,-0.002,0,4,0,93.9,-9.7,111.3,7.7,-17.4,-10.12,91.9,2.9,0.306,0.443,-0.077
411,Orlando Magic,2012,-2.4,27.5,37,29,0.5,105,0.4,104.1,-0.5,0.9,89,-2.3,0.292,0.016,0.533,0.006,1,4,0.2,94.8,-8.8,107,3.4,-12.2,-9.6,86.6,-2.4,0.244,0.486,-0.034
412,Golden State Warriors,2012,-3.3,25.3,23,43,-2.8,105.4,0.8,109.1,4.5,-3.7,92.3,1,0.227,-0.049,0.539,0.012,,,,,,,,,,,,,,
413,New Orleans Hornets,2012,-3.7,25.5,21,45,-3.1,100.9,-3.7,105.1,0.5,-4.2,88.3,-3,0.274,-0.002,0.517,-0.01,,,,,,,,,,,,,,
414,Toronto Raptors,2012,-4.2,25.7,23,43,-3.7,100.8,-3.8,104.5,-0.1,-3.7,89.3,-2,0.274,-0.002,0.518,-0.009,,,,,,,,,,,,,,
415,Sacramento Kings,2012,-5.5,24.3,22,44,-5,103.8,-0.8,109.8,5.2,-6,94.7,3.4,0.268,-0.008,0.51,-0.017,,,,,,,,,,,,,,
416,Detroit Pistons,2012,-5.6,26.3,25,41,-5.2,101,-3.6,106.3,1.7,-5.3,89.2,-2.1,0.279,0.003,0.51,-0.017,,,,,,,,,,,,,,
417,Washington Wizards,2012,-5.8,24.2,20,46,-5.1,101,-3.6,106.2,1.6,-5.2,92.5,1.2,0.253,-0.023,0.508,-0.019,,,,,,,,,,,,,,
418,New Jersey Nets,2012,-6.9,26.1,22,44,-6.4,102.9,-1.7,109.6,5,-6.7,90.1,-1.2,0.269,-0.007,0.516,-0.011,,,,,,,,,,,,,,
419,Cleveland Cavaliers,2012,-7.9,26,21,45,-7.3,101.1,-3.5,108.9,4.3,-7.8,91.3,0,0.307,0.031,0.505,-0.022,,,,,,,,,,,,,,
420,Charlotte Bobcats,2012,-15.3,24.5,7,59,-14,95.2,-9.4,110.4,5.8,-15.2,91.1,-0.2,0.276,0,0.483,-0.044,,,,,,,,,,,,,,
421,Dallas Mavericks??,2011,11.6,30.9,57,25,4.4,109.7,2.4,105,-2.3,4.7,91.3,-0.8,0.286,-0.014,0.565,0.024,16,5,0.76,112.9,6.9,106.3,0.3,6.6,11.11,86.6,-1.2,0.339,0.571,0.042
422,Miami Heat,2011,9.6,29,58,24,6.8,111.7,4.4,103.5,-3.8,8.2,90.9,-1.2,0.363,0.063,0.573,0.032,14,7,0.67,106.4,0.4,103.4,-2.6,3,7.21,86.3,-1.5,0.379,0.542,0.013
423,Chicago Bulls,2011,8.7,26.4,62,20,6.5,108.3,1,100.3,-7,8,90.4,-1.7,0.305,0.005,0.541,0,9,7,0.56,105.8,-0.2,100.9,-5.1,4.9,6.17,86.9,-0.9,0.288,0.51,-0.019
424,Oklahoma City Thunder,2011,7,23.7,55,27,3.8,111.2,3.9,107.2,-0.1,4,92.7,0.6,0.363,0.063,0.561,0.02,9,8,0.53,109.5,3.5,107.5,1.5,2,5.76,90.8,3,0.393,0.548,0.019
425,Boston Celtics,2011,6,29.5,56,26,4.8,106.2,-1.1,100.3,-7,5.9,90.4,-1.7,0.305,0.005,0.561,0.02,5,4,0.56,105.1,-0.9,103.6,-2.4,1.5,5.47,89.1,1.3,0.262,0.552,0.023
426,Los Angeles Lakers,2011,5.4,30.2,57,25,6,111,3.7,104.3,-3,6.7,90.7,-1.4,0.293,-0.007,0.545,0.004,4,6,0.4,107.8,1.8,109.3,3.3,-1.5,1.03,86.5,-1.3,0.315,0.526,-0.003
427,Memphis Grizzlies,2011,5,25.2,46,36,2.6,107.6,0.3,105.1,-2.2,2.5,91.9,-0.2,0.291,-0.009,0.534,-0.007,7,6,0.54,105.4,-0.6,106.1,0.1,-0.7,4.06,90,2.2,0.335,0.512,-0.017
428,San Antonio Spurs,2011,4.8,28.8,61,21,5.9,111.8,4.5,105.6,-1.7,6.2,92.3,0.2,0.299,-0.001,0.567,0.026,2,4,0.33,102.2,-3.8,105.6,-0.4,-3.4,-0.85,90.8,3,0.369,0.526,-0.003
429,Orlando Magic,2011,4.2,27.6,52,30,4.9,107.9,0.6,102,-5.3,5.9,91.2,-0.9,0.328,0.028,0.554,0.013,2,4,0.33,102.4,-3.6,100.3,-5.7,2.1,1,86.6,-1.2,0.367,0.503,-0.026
430,Denver Nuggets,2011,3.1,27.3,50,32,4.8,112.3,5,107.3,0,5,95.6,3.5,0.367,0.067,0.574,0.033,1,4,0.2,103.4,-2.6,108.5,2.5,-5.1,-1.29,94.2,6.4,0.468,0.525,-0.004
431,Houston Rockets,2011,2.5,26.5,43,39,2.4,111.3,4,109,1.7,2.3,94.2,2.1,0.299,-0.001,0.55,0.009,,,,,,,,,,,,,,
432,Portland Trail Blazers,2011,1,26.7,48,34,1.9,108.8,1.5,107.1,-0.2,1.7,87.9,-4.2,0.278,-0.022,0.533,-0.008,2,4,0.33,106.3,0.3,112.5,6.5,-6.2,-1.79,83,-4.8,0.294,0.534,0.005
433,Atlanta Hawks,2011,0.9,27.4,44,38,-1.1,106.1,-1.2,107,-0.3,-0.9,89.3,-2.8,0.269,-0.031,0.542,0.001,6,6,0.5,100.4,-5.6,105.5,-0.5,-5.1,0.63,85.9,-1.9,0.289,0.505,-0.024
434,New Orleans Hornets,2011,0.4,26.3,46,36,1.3,106.2,-1.1,105.2,-2.1,1,88.7,-3.4,0.296,-0.004,0.537,-0.004,2,4,0.33,104.7,-1.3,113.1,7.1,-8.4,-2.39,85.3,-2.5,0.36,0.537,0.008
435,Philadelphia 76ers,2011,-0.2,24.7,41,41,1,106.6,-0.7,105,-2.3,1.6,91.7,-0.4,0.273,-0.027,0.535,-0.006,1,4,0.2,100.7,-5.3,109.3,3.3,-8.6,-1.84,86,-1.8,0.213,0.485,-0.044
436,Phoenix Suns,2011,-0.5,29.6,40,42,-0.5,109.5,2.2,110.4,3.1,-0.9,94.4,2.3,0.283,-0.017,0.559,0.018,,,,,,,,,,,,,,
437,Milwaukee Bucks,2011,-1.2,26.7,35,47,-1,101.6,-5.7,102.5,-4.8,-0.9,89.8,-2.3,0.287,-0.013,0.511,-0.03,,,,,,,,,,,,,,
438,New York Knicks,2011,-1.5,25.3,42,40,0.5,110.9,3.6,110.1,2.8,0.8,95.6,3.5,0.304,0.004,0.561,0.02,0,4,0,99,-7,108.2,2.2,-9.2,-4.37,91.7,3.9,0.298,0.483,-0.046
439,Utah Jazz,2011,-1.5,26.8,39,43,-1.4,108.1,0.8,110.1,2.8,-2,91,-1.1,0.313,0.013,0.544,0.003,,,,,,,,,,,,,,
440,Golden State Warriors,2011,-2.2,25.2,36,46,-2,108.2,0.9,110.7,3.4,-2.5,94.8,2.7,0.241,-0.059,0.544,0.003,,,,,,,,,,,,,,
441,Indiana Pacers,2011,-2.2,25.9,37,45,-1.4,104.8,-2.5,106,-1.3,-1.2,94.7,2.6,0.3,0,0.533,-0.008,1,4,0.2,100.2,-5.8,108.5,2.5,-8.3,-1.77,90,2.2,0.304,0.496,-0.033
442,Los Angeles Clippers,2011,-3.1,24.6,32,50,-2.7,105.3,-2,108.7,1.4,-3.4,92.8,0.7,0.332,0.032,0.535,-0.006,,,,,,,,,,,,,,
443,Detroit Pistons,2011,-4.2,27.2,30,52,-3.8,107.7,0.4,111.7,4.4,-4,89.2,-2.9,0.279,-0.021,0.533,-0.008,,,,,,,,,,,,,,
444,Charlotte Bobcats,2011,-4.3,26.9,34,48,-4.1,103.4,-3.9,107.8,0.5,-4.4,89.6,-2.5,0.314,0.014,0.528,-0.013,,,,,,,,,,,,,,
445,Sacramento Kings,2011,-5.5,24.8,24,58,-4.8,103.5,-3.8,109,1.7,-5.5,95.2,3.1,0.284,-0.016,0.519,-0.022,,,,,,,,,,,,,,
446,Minnesota Timberwolves,2011,-7,23.8,17,65,-6,104.2,-3.1,111.1,3.8,-6.9,96.5,4.4,0.282,-0.018,0.526,-0.015,,,,,,,,,,,,,,
447,New Jersey Nets,2011,-7,24.8,24,58,-6.3,103.1,-4.2,109.9,2.6,-6.8,89.9,-2.2,0.283,-0.017,0.517,-0.024,,,,,,,,,,,,,,
448,Toronto Raptors,2011,-7.1,24.5,22,60,-6.3,106.1,-1.2,112.9,5.6,-6.8,92.9,0.8,0.293,-0.007,0.533,-0.008,,,,,,,,,,,,,,
449,Washington Wizards,2011,-8,24.9,23,59,-7.3,102.4,-4.9,110.2,2.9,-7.8,93.8,1.7,0.29,-0.01,0.513,-0.028,,,,,,,,,,,,,,
450,Cleveland Cavaliers,2011,-9.8,26.6,19,63,-8.9,102.2,-5.1,111.8,4.5,-9.6,93,0.9,0.312,0.012,0.518,-0.023,,,,,,,,,,,,,,
0.04,0.573,0.03,10,4,0.71,110.8,2.2,100.9,-7.7,9.9,12.98,86.5,-3.2,0.426,0.574,0.031,,,,,,,,,,,,,,,,
452,Los Angeles Lakers??,2010,9.8,28.4,57,25,4.8,108.8,1.2,103.7,-3.9,5.1,92.8,0.1,0.289,-0.011,0.538,-0.005,16,7,0.7,112.8,4.2,108.6,0,4.2,8.3,89.6,-0.1,0.32,0.546,0.003
453,Phoenix Suns,2010,9.8,28.5,54,28,4.7,115.3,7.7,110.2,2.6,5.1,95.3,2.6,0.312,0.012,0.585,0.042,10,6,0.63,117.8,9.2,112.7,4.1,5.1,9.35,90.9,1.2,0.353,0.582,0.039
454,Boston Celtics,2010,8.5,29.4,50,32,3.4,107.7,0.1,103.8,-3.8,3.9,91.6,-1.1,0.332,0.032,0.564,0.021,15,9,0.63,104.8,-3.8,101.7,-6.9,3.1,8.23,89.2,-0.5,0.341,0.539,-0.004
455,Cleveland Cavaliers,2010,7.1,28,61,21,6.2,111.2,3.6,104.1,-3.5,7.1,91.4,-1.3,0.341,0.041,0.57,0.027,6,5,0.55,108.2,-0.4,106.8,-1.8,1.4,2.49,92.6,2.9,0.42,0.568,0.025
456,Utah Jazz,2010,4.9,25.6,53,29,5.3,110.7,3.1,105,-2.6,5.7,93.8,1.1,0.34,0.04,0.565,0.022,4,6,0.4,114,5.4,116.4,7.8,-2.4,2,93.9,4.2,0.421,0.568,0.025
457,Denver Nuggets,2010,4.4,27.7,53,29,4.2,111.8,4.2,107.5,-0.1,4.3,94.8,2.1,0.376,0.076,0.561,0.018,2,4,0.33,113.9,5.3,115.1,6.5,-1.2,4.13,96,6.3,0.469,0.577,0.034
458,San Antonio Spurs,2010,4.1,28.7,50,32,5.1,110,2.4,104.5,-3.1,5.5,91.7,-1,0.296,-0.004,0.552,0.009,4,6,0.4,105.7,-2.9,109.4,0.8,-3.7,-0.24,90.9,1.2,0.339,0.533,-0.01
459,Oklahoma City Thunder,2010,3.6,23.2,50,32,3.6,108.3,0.7,104.6,-3,3.7,93.1,0.4,0.333,0.033,0.547,0.004,2,4,0.33,103.6,-5,105.4,-3.2,-1.8,2.98,90.6,0.9,0.412,0.506,-0.037
460,Dallas Mavericks,2010,3.5,30.7,55,27,2.7,109.2,1.6,106.3,-1.3,2.9,92.5,-0.2,0.277,-0.023,0.552,0.009,2,4,0.33,105.1,-3.5,105.6,-3,-0.5,4.57,88.4,-1.3,0.294,0.518,-0.025
461,Atlanta Hawks,2010,2.8,26.5,53,29,4.4,111.9,4.3,106.7,-0.9,5.2,90.1,-2.6,0.281,-0.019,0.545,0.002,4,7,0.36,104.3,-4.3,112.2,3.6,-7.9,-4.44,85.8,-3.9,0.276,0.501,-0.042
462,Milwaukee Bucks,2010,1.3,26.4,46,36,1.4,104.9,-2.7,103.1,-4.5,1.8,91.7,-1,0.239,-0.061,0.518,-0.025,3,4,0.43,105,-3.6,109.3,0.7,-4.3,0.14,85.7,-4,0.25,0.51,-0.033
463,Portland Trail Blazers,2010,0.8,26.6,50,32,3.2,110.8,3.2,107.1,-0.5,3.7,87.7,-5,0.315,0.015,0.547,0.004,2,4,0.33,106.5,-2.1,118.3,9.7,-11.8,-7.13,87.3,-2.4,0.364,0.522,-0.021
464,Houston Rockets,2010,0.1,26,42,40,0,107.6,0,108,0.4,-0.4,94,1.3,0.292,-0.008,0.537,-0.006,,,,,,,,,,,,,,
465,Miami Heat,2010,-0.2,27.1,47,35,2,106.6,-1,104.1,-3.5,2.5,89.6,-3.1,0.296,-0.004,0.537,-0.006,1,4,0.2,96.2,-12.4,105.2,-3.4,-9,-5.63,91.1,1.4,0.241,0.513,-0.03
466,Charlotte Bobcats,2010,-0.6,27.4,44,38,1.3,104.4,-3.2,102.8,-4.8,1.6,90.4,-2.3,0.346,0.046,0.538,-0.005,0,4,0,100.2,-8.4,111,2.4,-10.8,-3.68,85.4,-4.3,0.362,0.523,-0.02
467,Memphis Grizzlies,2010,-1.4,24.1,40,42,-1.4,108.3,0.7,109.9,2.3,-1.6,93.6,0.9,0.32,0.02,0.536,-0.007,,,,,,,,,,,,,,
468,Toronto Raptors,2010,-1.8,25.2,40,42,-1.8,111.3,3.7,113.2,5.6,-1.9,93.1,0.4,0.319,0.019,0.564,0.021,,,,,,,,,,,,,,
469,New Orleans Hornets,2010,-2.4,27.5,37,45,-2.3,107.4,-0.2,110.1,2.5,-2.7,92.6,-0.1,0.243,-0.057,0.543,0,,,,,,,,,,,,,,
470,Chicago Bulls,2010,-2.7,26.2,41,41,-1.6,103.5,-4.1,105.3,-2.3,-1.8,93.1,0.4,0.287,-0.013,0.52,-0.023,1,4,0.2,105,-3.6,115,6.4,-10,-3.83,92.4,2.7,0.265,0.504,-0.039
471,Indiana Pacers,2010,-3.5,26.6,32,50,-3.1,103.7,-3.9,106.8,-0.8,-3.1,97.1,4.4,0.296,-0.004,0.536,-0.007,,,,,,,,,,,,,,
472,Golden State Warriors,2010,-3.9,25.1,26,56,-3.3,108.1,0.5,111.7,4.1,-3.6,100.4,7.7,0.294,-0.006,0.557,0.014,,,,,,,,,,,,,,
473,New York Knicks,2010,-4.5,25.4,29,53,-4,107.6,0,111.6,4,-4,94,1.3,0.256,-0.044,0.547,0.004,,,,,,,,,,,,,,
474,Philadelphia 76ers,2010,-4.5,25.4,27,55,-3.9,106.1,-1.5,110.3,2.7,-4.2,91.6,-1.1,0.27,-0.03,0.534,-0.009,,,,,,,,,,,,,,
475,Sacramento Kings,2010,-4.7,24.1,25,57,-4.1,105.3,-2.3,109.9,2.3,-4.6,94,1.3,0.286,-0.014,0.528,-0.015,,,,,,,,,,,,,,
476,Washington Wizards,2010,-5.3,27.6,26,56,-4.7,104.2,-3.4,109.4,1.8,-5.2,91.6,-1.1,0.283,-0.017,0.524,-0.019,,,,,,,,,,,,,,
477,Detroit Pistons,2010,-5.6,26.7,27,55,-5,105.6,-2,111.4,3.8,-5.8,88.5,-4.2,0.303,0.003,0.515,-0.028,,,,,,,,,,,,,,
478,Los Angeles Clippers,2010,-6.5,27.3,29,53,-6,103.3,-4.3,110.1,2.5,-6.8,92.6,-0.1,0.283,-0.017,0.529,-0.014,,,,,,,,,,,,,,
479,Minnesota Timberwolves,2010,-10.1,24.1,15,67,-9.1,101.7,-5.9,111.6,4,-9.9,96.1,3.4,0.278,-0.022,0.518,-0.025,,,,,,,,,,,,,,
480,New Jersey Nets,2010,-10.1,24.8,12,70,-8.9,100.6,-7,110.5,2.9,-9.9,91.4,-1.3,0.307,0.007,0.509,-0.034,,,,,,,,,,,,,,
481,Cleveland Cavaliers,2009,14.3,26.6,66,16,8.7,112.4,4.1,102.4,-5.9,10,88.7,-3,0.312,0.006,0.56,0.016,10,4,0.71,112.6,4.9,102.7,-5,9.9,13.06,86.1,-2.6,0.383,0.556,0.012
482,Los Angeles Lakers??,2009,13.1,27.4,65,17,7.1,112.8,4.5,104.7,-3.6,8.1,94.3,2.6,0.299,-0.007,0.555,0.011,16,7,0.7,111.4,3.7,103.5,-4.2,7.9,11.76,91.1,2.4,0.342,0.553,0.009
483,Denver Nuggets,2009,11.3,27.7,54,28,3.1,110.4,2.1,106.8,-1.5,3.6,94.3,2.6,0.382,0.076,0.563,0.019,10,6,0.63,116.8,9.1,107.5,-0.2,9.3,12.93,92.4,3.7,0.426,0.579,0.035
484,Orlando Magic,2009,9.6,27.3,59,23,6.5,109.2,0.9,101.9,-6.4,7.3,92.3,0.6,0.351,0.045,0.559,0.015,13,11,0.54,107.3,-0.4,105.3,-2.4,2,7.86,89.2,0.5,0.36,0.555,0.011
485,Boston Celtics,2009,6.9,27.8,62,20,7.4,110.5,2.2,102.3,-6,8.2,90.4,-1.3,0.328,0.022,0.571,0.027,7,7,0.5,106.3,-1.4,106.3,-1.4,0,3.16,91.4,2.7,0.309,0.535,-0.009
486,Houston Rockets,2009,6,27.9,53,29,3.7,108.4,0.1,104,-4.3,4.4,90.2,-1.5,0.292,-0.014,0.548,0.004,7,6,0.54,104.7,-3,106.4,-1.3,-1.7,4.44,87.4,-1.3,0.288,0.533,-0.011
487,Portland Trail Blazers,2009,3.5,24,54,28,5,113.9,5.6,107.8,-0.5,6.1,86.6,-5.1,0.306,0,0.553,0.009,2,4,0.33,103.9,-3.8,110.2,2.5,-6.3,-2.57,83.9,-4.8,0.264,0.524,-0.02
488,Dallas Mavericks,2009,2.4,29,50,32,1.7,110.5,2.2,108.4,0.1,2.1,91.5,-0.2,0.274,-0.032,0.55,0.006,5,5,0.5,113,5.3,114,6.3,-1,2.25,89.9,1.2,0.375,0.576,0.032
489,Phoenix Suns,2009,1.9,29.5,46,36,1.6,113.6,5.3,111.6,3.3,2,96,4.3,0.336,0.03,0.584,0.04,,,,,,,,,,,,,,
490,Miami Heat,2009,1.2,25.6,43,39,0.5,107.8,-0.5,107.6,-0.7,0.2,89.9,-1.8,0.282,-0.024,0.54,-0.004,3,4,0.43,106.7,-1,105.6,-2.1,1.1,2.8,82.6,-6.1,0.324,0.554,0.01
491,San Antonio Spurs,2009,1.2,30.4,54,28,3.4,108.5,0.2,104.3,-4,4.2,88.4,-3.3,0.251,-0.055,0.548,0.004,1,4,0.2,105.4,-2.3,112.4,4.7,-7,-5.32,85.7,-3,0.269,0.528,-0.016
492,Chicago Bulls,2009,0.8,24.9,41,41,-0.2,108.4,0.1,108.7,0.4,-0.3,93.1,1.4,0.3,-0.006,0.541,-0.003,3,4,0.43,105.9,-1.8,110.1,2.4,-4.2,3.24,92.6,3.9,0.343,0.54,-0.004
493,Utah Jazz,2009,0.8,25.5,48,34,2.3,110.1,1.8,107.3,-1,2.8,93.1,1.4,0.355,0.049,0.554,0.01,1,4,0.2,104.2,-3.5,114.1,6.4,-9.9,-2.79,93.4,4.7,0.373,0.517,-0.027
494,Atlanta Hawks,2009,0.5,25.8,47,35,1.7,109.3,1,107.6,-0.7,1.7,89.6,-2.1,0.323,0.017,0.546,0.002,4,7,0.36,102,-5.7,110.6,2.9,-8.6,-5.13,82.4,-6.3,0.323,0.499,-0.045
495,Philadelphia 76ers,2009,-0.6,26.1,41,41,0.2,107.9,-0.4,107.8,-0.5,0.1,90,-1.7,0.339,0.033,0.532,-0.012,2,4,0.33,100.5,-7.2,109.2,1.5,-8.7,-2.22,88,-0.7,0.276,0.526,-0.018
496,Indiana Pacers,2009,-0.9,26.5,36,46,-0.8,108.1,-0.2,109.2,0.9,-1.1,96.5,4.8,0.267,-0.039,0.545,0.001,,,,,,,,,,,,,,
497,Milwaukee Bucks,2009,-1.1,26.3,34,48,-0.9,106.7,-1.6,107.9,-0.4,-1.2,92.6,0.9,0.306,0,0.531,-0.013,,,,,,,,,,,,,,
498,Charlotte Bobcats,2009,-1.4,25.8,35,47,-1.2,104.7,-3.6,106.1,-2.2,-1.4,88.3,-3.4,0.312,0.006,0.536,-0.008,,,,,,,,,,,,,,
499,New Jersey Nets,2009,-2.6,25.7,34,48,-2.3,108.3,0,111,2.7,-2.7,89.9,-1.8,0.303,-0.003,0.543,-0.001,,,,,,,,,,,,,,
500,New York Knicks,2009,-2.7,25.7,32,50,-2.3,108.1,-0.2,110.8,2.5,-2.7,96.7,5,0.268,-0.038,0.544,0,,,,,,,,,,,,,,
501,Toronto Raptors,2009,-2.9,27,33,49,-2.5,107,-1.3,110,1.7,-3,92,0.3,0.279,-0.027,0.542,-0.002,,,,,,,,,,,,,,
502,Detroit Pistons,2009,-3.4,28.2,39,43,-0.4,107.4,-0.9,108,-0.3,-0.6,86.7,-5,0.282,-0.024,0.524,-0.02,0,4,0,93.6,-14.1,112.2,4.5,-18.6,-9.92,83.3,-5.4,0.188,0.468,-0.076
503,Golden State Warriors,2009,-4.3,25,29,53,-3.8,109.5,1.2,113.3,5,-3.8,98.2,6.5,0.339,0.033,0.549,0.005,,,,,,,,,,,,,,
504,New Orleans Hornets,2009,-5.1,28.2,49,33,1.4,108.7,0.4,107,-1.3,1.7,87.8,-3.9,0.288,-0.018,0.548,0.004,1,4,0.2,93.7,-14,120.7,13,-27,-23.87,89.8,1.1,0.399,0.51,-0.034
505,Minnesota Timberwolves,2009,-5.4,25.4,24,58,-4.7,106.1,-2.2,111.4,3.1,-5.3,91.6,-0.1,0.289,-0.017,0.526,-0.018,,,,,,,,,,,,,,
506,Memphis Grizzlies,2009,-5.9,23.3,24,58,-5.2,103.5,-4.8,109.5,1.2,-6,90.1,-1.6,0.329,0.023,0.533,-0.011,,,,,,,,,,,,,,
507,Oklahoma City Thunder,2009,-6.8,24.5,23,59,-6,102.9,-5.4,109.4,1.1,-6.5,93.6,1.9,0.308,0.002,0.521,-0.023,,,,,,,,,,,,,,
508,Washington Wizards,2009,-7.9,26.9,19,63,-7,105.4,-2.9,113.6,5.3,-8.2,91,-0.7,0.293,-0.013,0.524,-0.02,,,,,,,,,,,,,,
509,Los Angeles Clippers,2009,-9.4,26.6,19,63,-8.5,102.3,-6,111.7,3.4,-9.4,92.1,0.4,0.275,-0.031,0.52,-0.024,,,,,,,,,,,,,,
510,Sacramento Kings,2009,-9.6,26.3,17,65,-8.6,105.5,-2.8,114.7,6.4,-9.2,94.2,2.5,0.315,0.009,0.542,-0.002,,,,,,,,,,,,,,
511,Boston Celtics??,2008,11.8,27.9,66,16,9.3,110.2,2.7,98.9,-8.6,11.3,90.9,-1.5,0.346,0.04,0.569,0.029,16,10,0.62,109.4,2,103.3,-4.1,6.1,8.59,85.9,-2.1,0.354,0.541,0.009
512,Los Angeles Lakers,2008,10.9,26.7,57,25,7.3,113,5.5,105.5,-2,7.5,95.6,3.2,0.333,0.027,0.57,0.03,14,7,0.67,110,2.6,107.6,0.2,2.4,8.94,92.7,4.7,0.371,0.56,0.028
513,Detroit Pistons,2008,9.5,28.3,59,23,6.7,111.4,3.9,102.9,-4.6,8.5,87.3,-5.1,0.3,-0.006,0.539,-0.001,10,7,0.59,108,0.6,105.2,-2.2,2.8,7.56,84.7,-3.3,0.32,0.538,0.006
514,New Orleans Hornets,2008,8.8,27.1,56,26,5.5,111.5,4,105.7,-1.8,5.8,89.9,-2.5,0.251,-0.055,0.548,0.008,7,5,0.58,111.5,4.1,107.3,-0.1,4.2,9.13,86.6,-1.4,0.25,0.537,0.005
515,Utah Jazz,2008,8.3,25.3,54,28,6.9,113.8,6.3,106.5,-1,7.3,93.2,0.8,0.349,0.043,0.573,0.033,6,6,0.5,110.1,2.7,110.4,3,-0.3,5.79,89.1,1.1,0.33,0.528,-0.004
516,San Antonio Spurs,2008,7.1,31.4,56,26,5.1,107.2,-0.3,101.8,-5.7,5.4,88.8,-3.6,0.276,-0.03,0.543,0.003,9,8,0.53,103.9,-3.5,104.8,-2.6,-0.9,5.02,89.5,1.5,0.261,0.529,-0.003
517,Orlando Magic,2008,5.9,26.7,52,30,4.8,111.3,3.8,105.5,-2,5.8,93.4,1,0.355,0.049,0.575,0.035,5,5,0.5,111,3.6,109.2,1.8,1.8,6.37,87.5,-0.5,0.322,0.564,0.032
518,Cleveland Cavaliers,2008,5.7,27.1,45,37,-0.5,106,-1.5,106.4,-1.1,-0.4,90.2,-2.2,0.308,0.002,0.52,-0.02,7,6,0.54,104.6,-2.8,102.1,-5.3,2.5,7.23,85.9,-2.1,0.395,0.517,-0.015
519,Houston Rockets,2008,5,28.3,55,27,4.8,106.8,-0.7,101.6,-5.9,5.2,90.4,-2,0.276,-0.03,0.528,-0.012,2,4,0.33,103.8,-3.6,106.7,-0.7,-2.9,3.96,84.8,-3.2,0.333,0.488,-0.044
520,Phoenix Suns,2008,4.7,29.3,55,27,5.1,113.3,5.8,108.1,0.6,5.2,96.7,4.3,0.292,-0.014,0.59,0.05,1,4,0.2,104.1,-3.3,106.1,-1.3,-2,3.1,92.6,4.6,0.369,0.524,-0.008
521,Golden State Warriors,2008,2.7,25.5,48,34,2.4,111.8,4.3,109.5,2,2.3,98.8,6.4,0.276,-0.03,0.548,0.008,,,,,,,,,,,,,,
522,Dallas Mavericks,2008,2.2,28.9,51,31,4.7,111.1,3.6,106.1,-1.4,5,90.2,-2.2,0.318,0.012,0.554,0.014,1,4,0.2,108,0.6,118.2,10.8,-10.2,-4.74,87,-1,0.381,0.511,-0.021
523,Toronto Raptors,2008,1.3,26.3,41,41,2.5,110.2,2.7,107,-0.5,3.2,90.2,-2.2,0.247,-0.059,0.551,0.011,1,4,0.2,110.1,2.7,115.2,7.8,-5.1,-0.31,90.3,2.3,0.224,0.528,-0.004
524,Denver Nuggets,2008,1.1,28.5,50,32,3.7,110,2.5,106.3,-1.2,3.7,99.7,7.3,0.358,0.052,0.557,0.017,0,4,0,104.3,-3.1,117.9,10.5,-13.6,-6.26,97.4,9.4,0.328,0.501,-0.031
525,Philadelphia 76ers,2008,-0.4,25.3,40,42,0.2,106.4,-1.1,106,-1.5,0.4,90.4,-2,0.321,0.015,0.522,-0.018,2,4,0.33,99.8,-7.6,107.9,0.5,-8.1,-1.43,86,-2,0.402,0.488,-0.044
526,Portland Trail Blazers,2008,-0.5,24.1,41,41,-0.5,107.3,-0.2,108.4,0.9,-1.1,87.9,-4.5,0.281,-0.025,0.532,-0.008,,,,,,,,,,,,,,
527,Washington Wizards,2008,-1.6,27.2,43,39,-0.6,109.2,1.7,109.6,2.1,-0.4,89.5,-2.9,0.297,-0.009,0.535,-0.005,2,4,0.33,104.9,-2.5,108.7,1.3,-3.8,-4.33,87.9,-0.1,0.386,0.524,-0.008
528,Sacramento Kings,2008,-2,27.3,38,44,-1.9,107.5,0,109.9,2.4,-2.4,94.7,2.3,0.346,0.04,0.556,0.016,,,,,,,,,,,,,,
529,Indiana Pacers,2008,-2.1,26.7,36,46,-1.9,106,-1.5,107.5,0,-1.5,97.7,5.3,0.292,-0.014,0.54,0,,,,,,,,,,,,,,
530,Atlanta Hawks,2008,-2.9,24.2,37,45,-2.2,106.9,-0.6,108.9,1.4,-2,91.1,-1.3,0.34,0.034,0.535,-0.005,3,4,0.43,101.6,-5.8,115.6,8.2,-14,-4.7,85.8,-2.2,0.441,0.512,-0.02
531,Chicago Bulls,2008,-3.5,25.7,33,49,-3.2,103.9,-3.6,107.2,-0.3,-3.3,93,0.6,0.296,-0.01,0.515,-0.025,,,,,,,,,,,,,,
532,Charlotte Bobcats,2008,-4.8,26.3,32,50,-4.5,104.6,-2.9,109.4,1.9,-4.8,91.8,-0.6,0.323,0.017,0.532,-0.008,,,,,,,,,,,,,,
533,New Jersey Nets,2008,-5.4,27.4,34,48,-5.2,104,-3.5,109.4,1.9,-5.4,91.5,-0.9,0.347,0.041,0.528,-0.012,,,,,,,,,,,,,,
534,Memphis Grizzlies,2008,-6.5,24.5,22,60,-5.8,105,-2.5,111.4,3.9,-6.4,95.3,2.9,0.311,0.005,0.539,-0.001,,,,,,,,,,,,,,
535,Minnesota Timberwolves,2008,-7,24.6,22,60,-6.3,103.8,-3.7,111.2,3.7,-7.4,91.9,-0.5,0.248,-0.058,0.518,-0.022,,,,,,,,,,,,,,
536,Los Angeles Clippers,2008,-7.3,28.5,23,59,-6.6,101.2,-6.3,109.1,1.6,-7.9,92.1,-0.3,0.338,0.032,0.519,-0.021,,,,,,,,,,,,,,
537,New York Knicks,2008,-7.3,25.7,23,59,-6.6,104.7,-2.8,111.9,4.4,-7.2,91.6,-0.8,0.31,0.004,0.518,-0.022,,,,,,,,,,,,,,
538,Milwaukee Bucks,2008,-7.5,25.8,26,56,-6.9,105.3,-2.2,112.8,5.3,-7.5,91.3,-1.1,0.294,-0.012,0.522,-0.018,,,,,,,,,,,,,,
539,Seattle SuperSonics,2008,-8.9,25.4,20,62,-8,100.5,-7,109.5,2,-9,96.3,3.9,0.265,-0.041,0.509,-0.031,,,,,,,,,,,,,,
540,Miami Heat,2008,-9.6,27.4,15,67,-8.5,100.5,-7,110,2.5,-9.5,90.2,-2.2,0.3,-0.006,0.522,-0.018,,,,,,,,,,,,,,
541,San Antonio Spurs??,2007,11.7,30.4,58,24,8.4,109.2,2.7,99.9,-6.6,9.3,89.8,-2.1,0.313,-0.014,0.561,0.02,16,4,0.8,107.6,2.7,103.1,-1.8,4.5,8.54,88.9,-0.6,0.317,0.547,0.017
542,Phoenix Suns,2007,10.3,27.6,61,21,7.3,113.9,7.4,106.4,-0.1,7.5,95.6,3.7,0.267,-0.06,0.59,0.049,6,5,0.55,110.6,5.7,105.3,0.4,5.3,9.96,94.1,4.6,0.298,0.562,0.032
543,Detroit Pistons,2007,7.6,29,53,29,3.7,108.9,2.4,104.2,-2.3,4.7,87.3,-4.6,0.307,-0.02,0.535,-0.006,10,6,0.63,105.2,0.3,101.8,-3.1,3.4,6.43,85.8,-3.7,0.346,0.522,-0.008
544,Cleveland Cavaliers,2007,6.4,26.9,50,32,3.3,105.5,-1,101.3,-5.2,4.2,90.8,-1.1,0.32,-0.007,0.522,-0.019,12,8,0.6,102.5,-2.4,100,-4.9,2.5,4.82,85.7,-3.8,0.341,0.506,-0.024
545,Utah Jazz,2007,6.4,25.9,51,31,3.1,110.1,3.6,107,0.5,3.1,91.6,-0.3,0.38,0.053,0.551,0.01,9,8,0.53,106.9,2,105.9,1,1,5.53,91,1.5,0.349,0.534,0.004
546,Chicago Bulls,2007,5,26,49,33,4.5,104.9,-1.6,99.6,-6.9,5.3,93.6,1.7,0.313,-0.014,0.534,-0.007,6,4,0.6,103.4,-1.5,102.1,-2.8,1.3,3.03,89.4,-0.1,0.39,0.522,-0.008
547,Dallas Mavericks,2007,4.5,28.1,67,15,7.3,111.3,4.8,103.2,-3.3,8.1,89.5,-2.4,0.317,-0.01,0.559,0.018,2,4,0.33,105.7,0.8,112.8,7.9,-7.1,-7.1,93.2,3.7,0.371,0.524,-0.006
548,Houston Rockets,2007,4.2,28.2,52,30,5,106,-0.5,100.7,-5.8,5.3,90.7,-1.2,0.292,-0.035,0.54,-0.001,3,4,0.43,99.6,-5.3,103.2,-1.7,-3.6,-0.54,87.6,-1.9,0.363,0.52,-0.01
549,Golden State Warriors,2007,3.6,24.6,42,40,0,107,0.5,107.4,0.9,-0.4,99.2,7.3,0.3,-0.027,0.548,0.007,5,6,0.45,110.9,6,109.1,4.2,1.8,7.16,95.3,5.8,0.376,0.563,0.033
550,New Jersey Nets,2007,2,28.2,41,41,-1,105.7,-0.8,106.6,0.1,-0.9,91.4,-0.5,0.338,0.011,0.546,0.005,6,6,0.5,101.7,-3.2,99.6,-5.3,2.1,4.07,88.7,-0.8,0.318,0.539,0.009
601,Phoenix Suns,2005,11.4,25.2,62,20,7.1,114.5,8.4,107.1,1,7.4,95.9,5,0.296,-0.028,0.571,0.042,9,6,0.6,118.2,10.4,113.8,6,4.4,10.06,94.1,4.8,0.304,0.582,0.048
602,San Antonio Spurs??,2005,11.3,28.5,59,23,7.8,107.5,1.4,98.8,-7.3,8.7,88.9,-2,0.329,0.005,0.534,0.005,16,7,0.7,110,2.2,105.1,-2.7,4.9,8.61,87.3,-2,0.367,0.546,0.012
603,Detroit Pistons,2005,9.1,27.9,54,28,3.3,105.6,-0.5,101.2,-4.9,4.4,87.2,-3.7,0.335,0.011,0.519,-0.01,15,10,0.6,105,-2.8,99.5,-8.3,5.5,9.21,85.3,-4,0.286,0.508,-0.026
604,Miami Heat,2005,8.4,28,59,23,5.8,110.2,4.1,103.1,-3,7.1,90.8,-0.1,0.387,0.063,0.559,0.03,11,4,0.73,107.2,-0.6,102.5,-5.3,4.7,5.57,90.2,0.9,0.409,0.568,0.034
605,Dallas Mavericks,2005,6.4,27.7,58,24,5.9,110.3,4.2,104.1,-2,6.2,92.7,1.8,0.346,0.022,0.545,0.016,6,7,0.46,113.3,5.5,115,7.2,-1.7,3.87,92.1,2.8,0.338,0.544,0.01
606,Seattle SuperSonics,2005,4.7,26,52,30,2.6,112.2,6.1,109.6,3.5,2.6,87.9,-3,0.328,0.004,0.546,0.017,6,5,0.55,111.1,3.3,113,5.2,-1.9,3.54,88.7,-0.6,0.369,0.547,0.013
607,Houston Rockets,2005,4.3,29.7,51,31,4.3,106.2,0.1,101.7,-4.4,4.5,88.8,-2.1,0.309,-0.015,0.534,0.005,3,4,0.43,111.7,3.9,114.9,7.1,-3.2,2.66,87.3,-2,0.344,0.564,0.03
608,Minnesota Timberwolves,2005,1.9,29,44,38,1.7,108.2,2.1,106.6,0.5,1.6,89.1,-1.8,0.275,-0.049,0.534,0.005,,,,,,,,,,,,,,
609,Sacramento Kings,2005,1.2,27.7,50,32,2.6,110.5,4.4,108.2,2.1,2.3,93,2.1,0.287,-0.037,0.541,0.012,1,4,0.2,113,5.2,117.9,10.1,-4.9,-2.31,90.4,1.1,0.285,0.527,-0.007
610,Denver Nuggets,2005,0.7,26.7,49,33,2.2,106,-0.1,103.9,-2.2,2.1,93.5,2.6,0.35,0.026,0.535,0.006,1,4,0.2,97.4,-10.4,108.5,0.7,-11.1,-3.26,90.7,1.4,0.387,0.49,-0.044
611,Indiana Pacers,2005,0.5,28.3,44,38,0.5,105.5,-0.6,104.6,-1.5,0.9,87.2,-3.7,0.358,0.034,0.534,0.005,6,7,0.46,97.7,-10.1,101.1,-6.7,-3.4,-1.68,85.3,-4,0.361,0.496,-0.038
612,Boston Celtics,2005,0.4,27.1,45,37,0.4,107.5,1.4,106.6,0.5,0.9,93.3,2.4,0.357,0.033,0.551,0.022,3,4,0.43,100.6,-7.2,101.3,-6.5,-0.7,-0.21,85.9,-3.4,0.306,0.52,-0.014
613,Cleveland Cavaliers,2005,0.3,26.5,42,40,0.3,106.6,0.5,105.7,-0.4,0.9,89.7,-1.2,0.325,0.001,0.518,-0.011,,,,,,,,,,,,,,
614,Memphis Grizzlies,2005,0.3,26.3,45,37,2.6,105.5,-0.6,102.9,-3.2,2.6,88.5,-2.4,0.323,-0.001,0.535,0.006,0,4,0,112,4.2,124,16.2,-12,-4.92,91.7,2.4,0.194,0.539,0.005
615,Chicago Bulls,2005,-0.1,25,47,35,0.7,101.4,-4.7,100.3,-5.8,1.1,92.4,1.5,0.311,-0.013,0.517,-0.012,2,4,0.33,106.3,-1.5,108.2,0.4,-1.9,-2.61,96.4,7.1,0.368,0.521,-0.013
616,Washington Wizards,2005,-0.4,25.3,45,37,-0.7,107.2,1.1,107.5,1.4,-0.3,93.3,2.4,0.364,0.04,0.523,-0.006,4,6,0.4,105.6,-2.2,108.2,0.4,-2.6,0.1,95.1,5.8,0.409,0.515,-0.019
617,Los Angeles Clippers,2005,-0.6,25.5,37,45,-0.5,105.5,-0.6,106.4,0.3,-0.9,89.1,-1.8,0.357,0.033,0.533,0.004,,,,,,,,,,,,,,
618,Golden State Warriors,2005,-2,26.7,34,48,-1.7,104.7,-1.4,106.9,0.8,-2.2,93.3,2.4,0.278,-0.046,0.512,-0.017,,,,,,,,,,,,,,
619,Toronto Raptors,2005,-2.1,27,33,49,-1.8,106.9,0.8,108.7,2.6,-1.8,92.7,1.8,0.316,-0.008,0.539,0.01,,,,,,,,,,,,,,
620,Los Angeles Lakers,2005,-2.6,26,34,48,-2.3,108.1,2,111.4,5.3,-3.3,90.8,-0.1,0.322,-0.002,0.535,0.006,,,,,,,,,,,,,,
621,Philadelphia 76ers,2005,-2.6,26.4,43,39,-1.1,103.5,-2.6,104.3,-1.8,-0.8,94.9,4,0.326,0.002,0.528,-0.001,1,4,0.2,101.2,-6.6,110.1,2.3,-8.9,-5.59,87.9,-1.4,0.256,0.513,-0.021
622,Orlando Magic,2005,-2.7,26.5,36,46,-2.5,104.9,-1.2,107.3,1.2,-2.4,94.7,3.8,0.35,0.026,0.529,0,,,,,,,,,,,,,,
623,New York Knicks,2005,-3,27.3,33,49,-2.7,106.2,0.1,108.9,2.8,-2.7,90.7,-0.2,0.312,-0.012,0.531,0.002,,,,,,,,,,,,,,
624,Milwaukee Bucks,2005,-3.5,26.9,30,52,-3.1,106.6,0.5,109.8,3.7,-3.2,90.8,-0.1,0.339,0.015,0.527,-0.002,,,,,,,,,,,,,,
625,New Jersey Nets,2005,-3.9,27.8,42,40,-1.8,101.4,-4.7,103.1,-3,-1.7,89.1,-1.8,0.318,-0.006,0.512,-0.017,0,4,0,100.6,-7.2,113.9,6.1,-13.3,-7.53,91.4,2.1,0.369,0.491,-0.043
626,Portland Trail Blazers,2005,-4,27,27,55,-3.5,103.2,-2.9,107.7,1.6,-4.5,89.8,-1.1,0.303,-0.021,0.524,-0.005,,,,,,,,,,,,,,
627,Utah Jazz,2005,-4.3,25.7,26,56,-3.7,104.7,-1.4,109.5,3.4,-4.8,88.4,-2.5,0.361,0.037,0.522,-0.007,,,,,,,,,,,,,,
628,Charlotte Bobcats,2005,-7.1,24.9,18,64,-6.2,101.1,-5,107.5,1.4,-6.4,92.3,1.4,0.306,-0.018,0.497,-0.032,,,,,,,,,,,,,,
629,New Orleans Hornets,2005,-7.2,27.5,18,64,-6.3,99.7,-6.4,107.7,1.6,-8,87.6,-3.3,0.279,-0.045,0.493,-0.036,,,,,,,,,,,,,,
630,Atlanta Hawks,2005,-10.8,26,13,69,-9.6,100.6,-5.5,111.1,5,-10.5,91.4,0.5,0.299,-0.025,0.504,-0.025,,,,,,,,,,,,,,
